user_id,name,score,comment,date,score1
0,tianya无泪,4,"易烊千玺的李必真的很棒了，第一部影视化作品四字弟弟太值得夸。看似清高孤傲，实际情义双全。他演的很稳，仿佛冰山下的火种，希望仍在，热血犹存。
 ",6/27/2019,推荐
1,吹哥,4,"期待这部剧很久了，感觉唐朝的还原度非常高，装饰的道具都很真实。剧中人物的服装非常精致，就是漂亮。每一帧画面都很有质感，看得出来是大制作，画面的色调也非常好，看得很舒服，拍摄时镜头也不晃，都是大场面的感觉，随便截图一张都可以保存的那种。制作组的布景不错,没有发现bug。",6/27/2019,推荐
2,ECHOT,1,希望越大失望越大，一口气看了四五集，不知所云，画面很美，只不过给B站剪辑手提供了很多空境素材，根本不会讲故事，讲不好故事台词真的罗里吧嗦有的人让人出戏，雷佳音还可以但也没达到预期，画面再好有什么用，故事还是烂故事，浪费了好本子，这个本子拍电影就足够抓人心，非要罗里吧嗦讲长篇注水,6/28/2019,很差
3,陈词,4,雷佳音真是把张小敬的匪气，轻浮，外粗内细演活了。最喜欢他死牢里一抬眼的那股子“狠”劲儿，不想活的人却为了天下人求了“生”，张小敬的硬，是骨子里头打不折的硬。,6/27/2019,推荐
4,雨YING,1,台词太差了，完全没有起伏，出戏,6/28/2019,很差
5,空心菜,4,       什么神仙选角阵容！少年天才易烊千玺VS老油条雷佳音的搭配绝了~一个运筹帷幄之中，一个决胜千里之外，一老一少的搭配无所畏惧。心有仁义方能拯救这“盛世长安”。,6/27/2019,推荐
6,花不弃,1,易烊千玺什么辣眼睛的演技，吹太高了吧,6/28/2019,很差
7,美少年不可辜负,1,请问易烊千玺的台词怎么回事？不看字幕听得清在讲什么吗？能不能别闭眼吹了？吞音重成这样还不配音是在坚持什么？坚持毁剧吗？面部表情能不能丰富点？就板着一张脸毫无感情背台词的感觉。就这还能当男二呢？,6/28/2019,很差
8,克服拖延症,2,千玺表现不错，雷佳音故弄玄虚，油腻的一匹,6/27/2019,较差
9,二火山,4,看了一集就可以断定是今年最好的古装剧，服化道演员配置放在电影里也是顶级，尤其摄影。难得一见的电影质感和节奏，全剧是发生在24小时之内的悬疑故事，却讲的不紧不慢，层层铺开。老中青三代演员的表演都很稳，尤其易烊千玺让人刮目相看，他饰演的23岁的李必心思缜密又擅长谋略，和雷佳音的张小敬互为映衬。这个暑期有好剧追啦！,6/27/2019,推荐
10,Katherine,2,电影般的质感，现场收音，精良的服化道……但，这编剧是什么意思？拉着家人看，家人看得一脸懵逼，不知所云。,6/27/2019,较差
11,吃胶片的考拉,4,超出预期太多，完全是惊喜。制作层面完全不含糊，今年到目前为止最“好看”的国剧。第一集很棒，看得出情节设置的精巧，没看过原著的话，非常期待故事走向。两位主演都有加分，雷佳音就不说了，是真的没想到易烊千玺演技这么成熟，刮目相看。,6/27/2019,推荐
12,阿珂,4,李必可能会成为我2019最喜欢的一个天才少年的古装角色，易烊千玺的镜头感很好，天然的共情力弥补了演技的青涩，未来可期。,6/27/2019,推荐
13,齐天大圣,2,颜控的我表示很失望。,6/27/2019,较差
14,冰莹若依,4,等了好久的剧居然拍得这么棒，感天动地2019。雷佳音给了五尊阎罗另一种打开方式，易烊千玺又帅又有气场妥妥的电影脸，故事的讲述方法很高级，没有生搬硬套，剧情也流畅，起承转合都有，观感真好。,6/27/2019,推荐
15,小江湖骗子林羽竹,5,太好看了！剧情紧凑，没看原著还略微有点儿跟不上。居然极其低调的一次性放出十二集……做这种剧集优酷才能成为网飞啊。有原著加持就已经成功一半，摄影、动作、美术和配乐实在过于出彩，看雷佳音飞檐走壁有几刻还真是想到《绣春刀2》了。易烊千玺演得还可以。唯一不足之处是，看得出因为预算原因和剧情原因，比如长安大街和建筑场景还是小气了一些。韩国今年有《王国》，国产古装剧今年不出意外应该本作是最佳了。其他6分以下的国产剧还不赶紧以死谢罪,6/27/2019,力荐
16,豆瓣九组,1,没什么演技,6/28/2019,很差
17,百里即墨殇,4,电影质感，剧本的台词算考究了，服装道具色调布景都可，第一集提审雷佳音四字弟弟长串台词发挥出色，情节暂时是按书在逐渐铺开了，继续观望,6/27/2019,推荐
18,罗罗诺亚·山治,1,美四的台词太绝了,6/28/2019,很差
19,一梦几十年,1,台词都说不清楚……,6/28/2019,很差
20,北岛淳子,4,好饭不怕晚，这剧的品质值得等这么久，会一直追下去。第一次见国内用美剧的形式拍古装悬疑，大唐海纳百川的盛世，又隐藏着暗流涌动的风云变幻，服装、造型、美术制景都满分。特别要提的是，超强阵容的表演全部在线，易烊千玺和雷佳音对戏特别有张力，两个人的表演达到了一种平衡，互有出彩。,6/27/2019,推荐
21,风潇潇,4,没想到易烊千玺的台词居然还不错，整部剧画面精致，场面瑰丽，值得四星，看后期剧情如何了,6/27/2019,推荐
22,赫塔费发挥嘉宾,5,马亲王原著粉！真是太喜欢雷佳音了，是那种很不羁的感觉，本来以为会和原著对比有违和感，但是我觉得超级带感啊，看不够！,6/28/2019,力荐
23,心有林夕,2,两分给大头，易烊千玺台词像念稿子，演技也实在不像粉丝吹的那样，实在让人出戏。,6/28/2019,较差
24,忐忐忑忑,1,雷佳音真是让人出戏啊，太油腻了,6/27/2019,很差
25,丢丢,4,能在2019看到这部戏简直是人生之幸，雷佳音的张小敬是少见的不想笑的角色，看着一身杀伐气就知道他拼的有多值。拿到好剧本的曹盾宛如开了挂一样，实力派×潜力股，这个配置，绝了。,6/27/2019,推荐
26,不知道用什么ID,2,看了两集，这两星是给雷佳音的，另一位台词真的差，和雷佳音的对手戏，被秒成渣。,6/28/2019,较差
27,逆骨,5,台词、布景、细节、服化、收音、原声，包括原本担心的节奏都跟上了，大头和四字演技都在线，客观说四字台词还需打磨，但不妨碍这部剧好看呀。,6/27/2019,力荐
28,little  bai,5,等了好久终于等到今天，真的是官微所说“佳”期已至，欣“玺”开播了！在喜马拉雅上听了二十多集的广播剧今天看到正片感觉很不错！早就听说剧组对服饰和一些礼节很考究，今天一看，果然服装道具置景都好精细，打光和画质也很高级了！一点不出戏，令人惊喜的是四字弟弟，真的有种少年老成运筹帷幄的气质，台词功力也不错，铿锵有力有起伏顿挫！对待老师和对待张小敬的不同态度把握的也特别好～我要追下去了！！！已经看了三集啦～,6/27/2019,力荐
29,腿麻了,2,马亲王真的惨，第三次毁在导演身上了。曹盾能不能去拍风物片我求求他了！,6/27/2019,较差
30,VCCsavokiku,1,莫名其妙的剧情，看不进去，主要是演员台词太差了，看的有点尴尬,6/28/2019,很差
31,    梦想家,2,看了两集，实在看不下去了，这样的剧情实在，吸引不了观众,6/28/2019,较差
32,墨竹留響,4,今年最大部头的古装剧之一了，好在完全没有失望！易烊千玺的第一部影视化作品选择的李必稳扎稳打完成度很高，波澜不惊少年面容下的仁心大爱是这个年轻靖安司首领的热血所在。雷佳音靠此剧可以再上一个台阶，他的可塑性太强了。,6/27/2019,推荐
33,黑桃二,1,"开头2分钟美爆，秒杀一切古装剧。
布景服饰都挺好，音画意境美极，雷佳音也挺好。
李泌太装逼，檀棋更装逼。就凭这俩装逼犯，却乐霍多必炸平长安。本剧拍3集足够。易烊千玺请吃翔。吞音吞的惨不忍睹，还好意思念诗？自己黑自己的角色吗",6/27/2019,很差
34,理想型是田柾国,1,易烊千玺包装得真漂亮，可包装得再漂亮的东西，里面也不过是一坨屎,6/28/2019,很差
35,Iris_Z,3,和天盛长歌一个毛病，不能说他不好，拍得很考究，讲话也文绉绉，就是没有看下去的动力，矫枉过正，若是电影，还能耐着性子看一个半小时，可是电视剧就显得又臭又长，看得只想睡觉,6/27/2019,还行
36,留绪日暮,4,男人们够痞够硬，女人们够美够艳，在长安24小时中没有一个人是无价值的。有人为实现自我价值，有人为普通百姓，有人为心中道义，正是这千千万万的平凡人，成了这长安，扛的起这天下。时势造英雄。,6/27/2019,推荐
37,闲人,2,原著就BUG无数，改编难度极其大，果然不负我的期待，剧情崩塌。想想也正常，这个原著除非给到黄珂王倦这个级别的编剧，谁又能改好呢。,6/27/2019,较差
38,高度近视,2,雷佳音越来越油腻了，演技跟绣春刀里一样同一个套路。倒是易烊千玺的表现让人惊喜。,6/27/2019,较差
39,乖乖兔,1,夸的太过了,6/28/2019,很差
40,劲大没文化,4,很多年都没追剧了，本是闲来无事冲着老腊肉去的，没想到小鲜肉也没让失望，蛮有意思！,6/28/2019,推荐
41,克莱奥帕特拉,1,。。长得丑就算 台词还烂,6/28/2019,很差
42,噗呲噗呲好多鱼,4,《妖猫传》之后在电视剧里面看到这么精致的盛唐太震撼了，能播出真是2019古装剧的华采。以雷佳音的张小敬和李必为中心的群像剧，有悬疑色彩，但更多的是不灭的赤子之心。很有诚意的国产精品作。,6/27/2019,推荐
43,蹲下的蘑菇,1,无语了，这分当谁是傻子呢？电视剧还能不能行了？真真是一腔怒火,6/28/2019,很差
44,名井南,5,看了两集太好看了 好紧张的节奏 雷佳音演技好棒啊 易烊千玺竟然也很好还用了原声 这个剧的色调和镜头运感都好棒,6/27/2019,力荐
45,黑道少女沈來迟,4,玺弟台词过关，长镜头运用迷人，值得一看！,6/27/2019,推荐
46,？,1,真的挺乱的，没有追下去的感觉了,6/28/2019,很差
47,酒街,5,"突然开播？！豆瓣提醒我有播放资源了我还不敢相信！
总体，不负期待。服化道很棒，目前剧情走向很紧凑，只希望后期剪辑友好。
四字弟弟，大头叔叔（雾）冲鸭！",6/27/2019,力荐
48,言西,5,"看了前几集，感觉很不错。
两人对峙那场戏，很有质感，让人入戏。
雷佳音的演技绝了，特别期待后面的剧情，不是一般的精彩。
易烊千玺的表现让人眼前一亮，继续加油。
一大段一大段的古文听着好爽，我爱古文，很有感觉。
演员们都用的原音，听着很舒服。
细节到位，演技在线，台词古文。
一起期待吧，看好这部剧。",6/27/2019,力荐
49,江海度余生,4,原著底子就很厚实，剧拍的很有电影质感和高级感，演员也很不错。,6/27/2019,推荐
50,美宣,2,两分冲着雷佳音演技打的 其他的一言难尽,6/28/2019,较差
51,咕嘟咕嘟喝多了,5,"熙攘繁盛，光耀万年，再也没有比长安城更伟大的城市了！道具，服化，光影，背景就是电影的质感！
张小敬和李必的选角太符合了，千玺第一次主演的电视剧台词居然这么好！很意外！",6/27/2019,力荐
52,Nine篪,1,面瘫脸,6/28/2019,很差
53,阳劫匪拯救地球,4,美术精致大胆，服化道充满了细节的还原，总体又冷静克制，好似自然流淌的历史河流，不经意间推开了时空之门，悄然隐于盛唐之中。演员终于不再是那些看腻了的脸孔，雷佳音+周一围+易烊千玺=实力派+电影脸+新鲜体验。沉寂了这么久，终于又有一部可以放下心来观看的优质剧。身处迷雾之中的人物、诡谲的故事架构。梦回长安，用十二时辰拯救一座城。,6/27/2019,推荐
54,辛赵不宣,4,"突然就开播了，猝不及防呀.....
最爱看嫌疑探案类的剧，这部剧拍的也算挺有诚意的。
1.群演够多，气势宏大，这才符合我大唐盛世的繁荣昌盛。
2.台词设计得很有古代气息。
3.剧情很紧凑，一刻都不容错过，前后联系太紧密了。
4.造型画面都是电影的质感。
......",6/27/2019,推荐
55,jenny,4,还挺不错的，雷佳音和千玺演的都挺好,6/27/2019,推荐
56,以梦为马,4,不愧是曹盾导演的作品，大场面服化道和《海上牧云记》一样精致，但是故事和节奏简直飞跃式的进步，好剧本匹配好导演也太可以了吧。易烊千玺的李必气场十足，少年意气飞扬又稳重压得住场子，惊喜。 ,6/27/2019,推荐
57,喽喽喽喽喽,5,画面的质感太棒了，一点也不输电影👍👍👍👍色调很棒 画面舒适！良心！！！！！,6/27/2019,力荐
58,大权,1,因为易烊千玺的演技 所以给一分,6/28/2019,很差
59,wubaob,5,我是马亲王的忠实粉丝，特别喜欢这部小说，作为小说原著粉来说，这部剧还是满意的，班底不错，用心在制作，服装质感好，画面精致，演员演技在线，我会一直追下去。,6/28/2019,力荐
60,嗯,5,作为书粉和历史爱好者，不得不夸一下剧组的服化道，还有打光摄影等，好几个长镜头和一镜到底，看着真的很爽。演员方面几个老戏骨自然不用说，易烊千玺的表现也足够惊艳，这部戏的拍摄时间是17年，那时候他应该才17岁，有这样的表现真的足够惊艳。特别是原声出镜，说那么长的台词，但说话的语气，表情都非常好,6/28/2019,力荐
61,麦兜麦兜,5,昨天开播就迫不及待打开电脑开了  毕竟等了很久的电视！电影质感的画面，没看过小说的人估计看不懂，雷佳音演的不良帅还是有演技的，一口气看了6集  今天继续约起来！！！,6/28/2019,力荐
62,羞羞羞,5,这部电视剧整体看下来，我觉得很过瘾，非常好看，画风细腻。,6/27/2019,力荐
63,豆沙馅小鱼干,5,服化道美呆，长安众生相拍的太好了！！！吹爆大头演技！四字弟弟的表现也出人意料！,6/28/2019,力荐
64,不会取名字,2,千玺一分，摄影一分，雷佳音的演技是不是吹的过了，跟前夫哥一个丧表情，就是多了胡子而已。,6/27/2019,较差
65,blueberry-,5,我可以！,6/27/2019,力荐
66,waterfall,1,台词太差了,6/28/2019,很差
67,小汤圆,1,拍得太烂了，真的不好看！,6/28/2019,很差
68,已注销,1,看不下去了，易祥千玺长得好丑啊，台词说的黏糊糊的，有气无力，还有讲话竟然喷口水！！！！！好恶心！雷大头怎么忍下来的？？？？,6/29/2019,很差
69,徐若风,4,与传统的古装剧在气质上有很大差别，不仅杂糅了诸多类型元素，而且设置了“十二时辰”的时间限制与“长安”的空间限制，每集片头都提示时间，由此凸显出了剧集的核心概念。雷佳音饰演的死囚张小敬、易烊千玺饰演的少年李泌构成了双男主叙事，紧凑的结构与有趣的人物关系也随之展开，节奏快、细节制作精良。目前看来，值得持续观望。,6/27/2019,推荐
70,卡夹,1,讨厌易烊千玺,6/28/2019,很差
71,小博狮,1,劝退，不好看,6/28/2019,很差
72,十万个我不知道,5,"看了几集后佩服四字弟弟的运气，这是修了几世的福碰上这么靠谱的同事和剧组
剪辑200%的在线，美术和布景呈现出一种古时矛盾的繁荣，摄影本来九十分爱用长镜头又拉得乱七八糟的倒扣十分",6/28/2019,力荐
73,穆毅,5,先不说一口气更新12集这样的良心举动，古装+反恐+破案+官斗有一个全新的故事质感，镜头、服化也都秉承了曹盾一贯的精致大气。选角的上，易烊千玺和角色的气质很合，雷佳音也没有搞笑的光环，特别要提一下演鱼肠的李媛，造型实在是太帅气了。,6/28/2019,力荐
74,荒原光光,5,淑芬表示真的太满意了，是我要的怎么都死不了的男神张小敬，是我要的大唐盛世长安一百零八坊！色调太棒了，服化也很棒，情节紧凑，真烧脑啊，错过一秒感觉就容易错失剧情。,6/27/2019,力荐
75,二十二岛主,4,今天这部剧突然开播算是近期为数不多的好消息，也算是弥补了本该在今天上映的一部电影的空白。和预期完全不同，很久没有看到唐文化如此考究的古装剧，台词、布景、故事都完全史实向，唐服、鬓发、官职、称谓、风土人情，看得出来是下了很大的前期准备功夫。上次看到这样的剧好像还是《贞观之治》。从电影质感角度来说，最惊艳的是几个长镜头，看来导演是按照电影的拍法和节奏来拍这部剧。雷佳音韩童生等戏骨的表现自不用多提，许久未见的千玺表演也更加成熟了，值得继续观望。,6/27/2019,推荐
76,孔鲤,4,李泌对帝国的认同来自这个帝国的名字叫做唐，张小敬对帝国的认同来自这个帝国有着自上而下的机制能够保护像张小敬以及更弱小的人，这两种对帝国的不同认同在《长安十二时辰》里达成了共鸣，这也是历来对帝国认同的差异性的平衡点。平衡点一旦偏移，便是安史之乱与晚唐。,6/28/2019,推荐
77,刘思楠,1,小鲜肉的台词功底不忍直视,6/28/2019,很差
78,吉田辉星,4,在盛唐末期转衰之际，最后一次盛大的自欺欺人。张小敬明着斗外来的狼卫，暗着揭开长安最后的伪装。剧从小处入手，看似简单其实复杂，野心和格局都很大。有电影质感，这样品质的剧该爆。,6/27/2019,推荐
79,苏大强,2,看了一会实在看不进去了，雷佳音还是不要吹演技咖了,6/27/2019,较差
80,蓝悦,2,一群老戏骨陪着一个小孩玩儿，还是没法把小孩的台词念好，这没有感情的咬文嚼字听得人昏昏欲睡,6/27/2019,较差
81,民事执行处,5,"易烊千玺台词口条好他妈棒啊啊啊啊啊啊啊啊
这服道化简直是电影级别了！！！！",6/27/2019,力荐
82,伊呀雪一,5,不得不说，长安十二时辰没有让我失望，之前看预告就对这部剧挺期待的，这是我为数不多的没有快进的剧啊！！可见剧情真的很紧凑。镜头我爱了，一点都不零碎，好多长镜头看着贼爽了，电影质感的网剧，只有25集，这是为数不多的这样紧凑不拖沓的剧了，看过很多古装剧清宫剧，说实在的，太长的剧集后面总会出现节奏没把握好的问题，这个很有美剧的那种节奏。不管是主演还是配角，都还不错啊，雷佳音不用说了，演技派，张小敬演绎的很棒，四字把李必的清贵之气演的很到位，大段冗长拗口的台词也驾驭的可以，没有减分，作为第一部大男主戏很不错了。服装，道具妆发来看，真的特别还原历史，用心制作，五星必须的！国产就要这么搞,6/29/2019,力荐
83,上地兰斯莫斯,2,本来很多优点，制作过于粗糙实在难以下咽,6/28/2019,较差
84,白竹,4,看过了飞鱼服绣春刀裴纶的聪明圆滑，再到狠厉霸气的五尊阎罗张小敬，没有一点出戏的感觉，厉害了！,6/27/2019,推荐
85,lk&bf,1,可惜了雷佳音和周一围这些优秀演员的表演了，被掏粪三子中的四字毁得一干二净。。。,6/28/2019,很差
86,Tctrcl,5,电影质感 千玺可以的,6/27/2019,力荐
87,夜行肉卷,1,想给三星但是吹过头了……真心反感 某演员台词过于稚嫩………………拜托粉丝不要一味护犊子 想走演员路少不了批评 “年纪小请多担待”？？？hello既然如此跟其他同为95后的演员比比看呢 ,6/28/2019,很差
88,糖醋考拉,5,期待已久的剧终于播了！刚看完两集，来说下感受。曹盾不愧是干摄影出身的，网剧拍出了电影的质感，道具一点儿都没敷衍，色调也很舒服高级。雷佳音演技真的牛逼，不光是台词，他的很多细节处理，都相当不错。易烊千玺挺让我惊喜的，没想到他台词这么稳，形象也很符合，接着追剧啦！（后期如果剧情崩了会改分哦）,6/27/2019,力荐
89,(๑‾ ꇴ ‾๑),5,看了两集就赶紧来打分！完全电影质感！一开头就给我一身鸡皮疙瘩！演员全员演技在线！要追了！,6/27/2019,力荐
90,如花,4,你以为长安城被各大护卫队守的风雨不透，天才靖安司少年首脑也需要一个泥潭中的九年不良帅来开路，人人都以为铁板一块的长安其实千疮百孔。环境在变要人来改变，慈悲心，热血命，最是动人。,6/27/2019,推荐
91,榴莲酥,2,雷大头能不能别踩着别人吹了?一个热搜常客营销咖，除了吹雪、大头还有啥?,6/27/2019,较差
92,薄荷绿好彩,2,最近的剧是真的不太行,6/28/2019,较差
93,死亡幻境,1,尴尬的剧情,6/28/2019,很差
94,昵称很麻烦,2,雷佳音的演技不如千玺弟弟啊，原来那些艳压某某的说法都是营销出来的啊，名副其实的营销咖,6/27/2019,较差
95,抖森夫人,1,易烊千玺台词是真的差 面部没有任何起伏 表情也控制的很失败 实在是颠覆以往对他好的印象 小荧幕都这样了。。。,6/28/2019,很差
96,喵总🐱,5,电影质感真的是太棒了！大爱这部剧的美工啊啊啊！期待后续！,6/27/2019,力荐
97,四道风,5,果然没让我白等这么久，国产年度最佳。,6/28/2019,力荐
98,stone,2,看预告还不错，试试看了一下 ，画质确实不错，雷佳音演得也不错，被粉丝吹上天的男主，说实话看出来演得已经尽力了，但作为一个非粉丝的观众来说，不论外型，表请处理，台词各方面还比较欠缺。两星观望。,6/27/2019,较差
99,北海道的秋刀鱼,2,不好看。,6/28/2019,较差
100,芦哲峰,3,功在编导原著服道化，过在演，尤其小鲜肉们台词差、演得僵，太欠练。,7/1/2019,还行
101,我爱罗宾,4,震惊，这个品质不输美剧啊。从镜头感到剧情张力都甩开市面上大部分作品几条街，细节处十分用心，年代感的台词，历史道具的还原代入感特别好。两个主角表现优秀，感叹四字弟弟的可塑性真强，期待看到他大银幕的作品,6/27/2019,推荐
102,过去的小因,1,第一个镜头我就笑了，日式灯笼。真的还要再说几遍日本不是唐朝的冰箱。街上行人的服饰不分阶级，一律穿缎戴花，毫无真实感，并且难看。,6/28/2019,很差
103,欢乐分裂,3,刷完12集觉得还是过誉了，开篇的盛唐气象和长镜穿梭很有感觉，服化道之讲究自不赘言。但作为电视剧核心的剧本，在节奏铺排上仍存有相当纰漏——将十二时辰的物理时间长度填满25集的长度，势必要穿插无数人和事（包括闪回），于是叙事点和各事件的剪接变得非常重要，而至中段看来，旁枝逸出的细节虽有利于完成破案拼图，究其自身不少细节是拖沓的，因此整体有不畅之处，作为悬疑权斗剧来说，摊子铺得过大的话，一来拖节奏后腿，二则也不容易收场自圆其说。选角倒是意外契合，四字表现不错，雷佳音虽可爱但角色同质化太雷同了吧。,6/29/2019,还行
104,褪色编辑部,1,一个需要在粉丝口中需要看完原著才能看的懂的电视剧就尴尬到极点了。不管服化道，摄影如何，当然在我看来也不怎么样，讲清楚一个极强悬疑性让人血脉喷张的故事才是核心吧。不好意思，这个剧让我毫无兴趣。,6/28/2019,很差
105,遇见你,5,"“熙攘繁盛，光耀万年，再也没有比长安更伟大的城市了。”
从小说里，我只能凭自己想象构造出盛世长安，但是这部电视，从一开始，就将盛世长安呈现在我们面前，将长安平铺在我们眼前，真实而又壮观。",6/28/2019,力荐
106,新垣结衣,1,一颗星都不太值呢,6/28/2019,很差
107,刘十九,4,这个大唐还原的真的可以，爱了，剧质感也很好，等得值得！,6/27/2019,推荐
108,zts,4,盛唐文化大放异彩的热血悬疑剧，游刃有余的长镜头调度尽展盛唐皇城恢弘气象，多线并进的叙事手法徐徐拉开一场神秘阴谋的序幕，望楼鼓点声中全城戒备，佳节花灯影下杀机四伏，盛世长安的繁华和凋敝在同一幅画卷上展开。可以说，《长安十二时辰》为古装国产剧如何呈现写实风格的古典质感，与怎样兼顾艺术水准和文化内涵做了出了优秀的表率。,6/27/2019,推荐
109,已注销,4,还不错,6/27/2019,推荐
110,酵母菌先生,1,"看了12集。
然后翻了翻影评。
我的妈呀四字粉评控做的很全面啊，连服化道的细节都抠出来了
但这跟四字本人没气场演技烂有关系吗？
作为看过原著的观众，这部戏做到了一个神奇的效果，
那就是看过原著的观众，和没看过原著的观众，
都没法入戏。

说服化道细节牛逼的，
来来来，，
你们知道高岭土烧到1200℃才会变成瓷器吗？
你们知道我们国家直到宋朝，
才有瓷器吗？
那靖安司指定饮品为什么是瓷器装的啊？",6/28/2019,很差
111,城北许公,1,易烊千玺可以做到台词永无起伏  他那份粉丝引以为傲的不动声色在演戏上  不知道是好是坏啊……,6/28/2019,很差
112,咕叽咕叽,2,太太太太太太过于装逼了，剧情完全没重点。无聊死了,6/27/2019,较差
113,么么浅笑,5,真的是良心剧组，服装道具真的很用心了，终于不用看那些一脸现代妆容的所谓古装剧了，情节紧凑，看得很过瘾，雷佳音和四字弟弟都不错，赞一个！,6/28/2019,力荐
114,么么七呀,5,电影质感,6/27/2019,力荐
115,今天奶茶去冰吗,1,太难看了这都什么,6/28/2019,很差
116,碟罗汉,2,马伯庸本质上是在用《24小时》的时间模式来玩一个古长安的空间游戏，但现在为了避嫌选择把时间压力卸掉，便陷入了空间细节的堆砌，而对细节控、书袋王的马伯庸的改编只能做减法，否则驾驭失控便会陷入细节的泥淖，结果就是场景、美术、灯光……甚至台词……无一不精致，精致到模糊了焦点。,6/28/2019,较差
117,樱语,2,服化道很好，节奏把握的不错，但四字弟弟台词真的不太行，看不下去...,6/28/2019,较差
118,这个小伙,2,？？？？？？牛逼,6/28/2019,较差
119,经年留影,4,古装剧标杆，短剧集强冲突的盛世长安冒险，质感太棒了！一面是上元佳节的繁华气氛，一面是危机丛生的阴谋诡谲。看了几集，满是匠心，国产剧能够真正做成华剧，指日可待。,6/27/2019,推荐
120,ALLEN,1,一星给服化道，华丽外表之下的空虚,6/28/2019,很差
121,爱吃番茄酱,5,画质超好的！！！！,6/27/2019,力荐
122,风轻如你,5,电影质感，演员演技都在线，必须给五星,6/29/2019,力荐
123,碧桐,1,易烊千玺的台词和演技差，雷佳音的大头，太丑,6/28/2019,很差
124,Shirleysays,5,看了十集。改编走心，演员专心，舞美用心，古装剧里少见的良心剧。易烊千玺的扛鼎之作，从出现在镜头里的那一刻起，就令人刮目相看了，面对十七岁的自己，他真是太赞了👍。,6/27/2019,力荐
125,电影黑匣,4,厚重的历史题材和现代化的悬疑剧情完美结合，节奏极佳，叙事高级，结构精巧。台词的处理可以入选近年古装剧的编剧教材了，既还原古风又通俗易懂。演员实打实上阵，雷佳音第一集洗澡戏鸡皮疙瘩都清晰可见。四字弟弟设定太仙了，像是古书中走出来的人物,6/27/2019,推荐
126,很好很会吃米,5,都！给！我！去！看！第六集！！！！！！！！！！！！！！！,6/28/2019,力荐
127,想不到昵称的我,1,雷佳音油腻 易烊千玺出戏  我超级好奇易烊千玺就是这么考的中戏第一 ?,6/28/2019,很差
128,twist,4,长安生活画卷的写照。一直觉得易烊千玺长得挺高级的，可能在电视剧上的适配度会低一点，没想到还不错。对标《24小时》的长安营救计划，主题上就争分夺秒，节奏hold住了就成功了一半。这次曹盾，夸就行了。,6/27/2019,推荐
129,清风拂柳,4,草灰蛇线的几集，节奏稳的一批，很少见这么大部头扎扎实实的古装剧了。雷佳音演的很拼，易烊千玺难得的hold住了，作为四字弟弟第一部影视作品，这个成绩单交的相当漂亮。,6/27/2019,推荐
130,小白菜呀,4,"期待了挺久这剧的，很喜欢马伯庸的这个小说，演员选的也很有新鲜感，而且一下更新十二集，真贼过瘾。从这几集的场景画面，服化妆容来看都很考究，而且唐文礼仪浓厚，足见剧组用心。千玺弟弟原音比较让人惊喜,少年可为!",6/27/2019,推荐
131,ff,1,看不下去，网上各种营销吹好，但真看不出，还有那个四个字韵小伙形象差，演技差，无法吸引我往下看。,7/1/2019,很差
132,已,5,很惊喜 基调 质感还是演员 都很有好感 剧本台词有门槛 有好处也有坏处 可以看出是想做一部良心剧了 再次感叹拍摄镜头的运用 看着很爽 有电影的质感,6/27/2019,力荐
133,RNG重启,1,删减了那么多，还是慢节奏……长安十二时辰真的不适合拍电视剧，90分钟的电影刚好。,6/28/2019,很差
134,马发财,--,有钱真好,6/27/2019,--
135,C&you,1,不是很喜欢，场景还不错吧，没有想象中那么吸引人,6/28/2019,很差
136,呼吸呼吸,5,电影画质好评，看上去每个人演技都在线，先打个分再看,6/27/2019,力荐
137,七月未央,5,剧情很紧凑，四字不出戏，亲王功力了得,6/29/2019,力荐
138,汀宸,1,本质颜控，凭着疯狂的营销去看了一点，救命啊🆘,6/28/2019,很差
139,小融资,1,台词尴尬表情僵硬,6/27/2019,很差
140,pick gu,5,看过马伯庸的这部小说，简单来说就是一个死囚犯解救长安老百姓的一个故事，小说很长，如何将小说用电视剧来呈现给观众，主要是靠编剧和导演，现在看来，算是满意的。,6/28/2019,力荐
141,景,5,等这个剧好久了 昨天也终于忙里偷闲看了四集 因为不是会员只能看四集 但是我想说这部剧值得我开会员追 雷佳音演技没得挑 至于周一围第四集他还没出现😂 最后四字 我很惊艳 当红流量里有演技且可以静下心来认真琢磨演技的真的不多 但四字他有这个决心 希望弟弟越来越好 期待弟弟的下一部作品 还有热依扎小姐姐人漂亮演技也漂亮,6/29/2019,力荐
142,zero,5,良心剧，电视很有质感，千玺台词还可以不是很出戏，老戏骨台词功底真好,6/27/2019,力荐
143,ewe,1,佳音和一围两个油腻男挺登对。,6/27/2019,很差
144,把噗,4,年度第一良心国产古装剧。开头几段长镜头极尽影像美学，调色和构图很有电影质感。场景、道具、服装……十分考究，还原了一个盛极而衰的大唐长安。雷佳音的表演有意想不到的反差，千玺弟弟真的可以，演技到位，惊喜之上。,6/27/2019,推荐
145,月月,4,看了开头，质感真心不错啊，画面长镜头的运用，整个片子的色彩都非常赞。希望演员的表演同样出色，目前看来挺棒的,6/27/2019,推荐
146,彤Avril,5,吃了朋友的安利一下子追了八集，看得好爽！琅琊榜以后没有这么精良的古装电视剧了，布景道具，各种细节和镜头感，是我喜欢的质感。我常看雷佳音的现代剧，基本都是文戏，第一次看老师的古装，打戏，说一句戏骨也没有多夸张，四字小孩儿也让我刮目相看，搭配相宜。追定了，好想全部追完。,6/28/2019,力荐
147,会有猫的,2,原谅我不看字幕听不清说啥，台词又没感情，你说当他念书吧，可念书也得让人听清讲啥吧，演的个啥玩意,6/28/2019,较差
148,后卿焚寂,4,长安人的一幅生活画卷缓缓铺开在眼前，阴暗的地下城和城内的烟火气形成鲜明的对比。谁知道华美的外表内爬着怎样的一层虱子，底层的人夺命挣扎为百姓生死，高层的人谈笑风生落子如风，谁比谁更高贵？,6/27/2019,推荐
149,听雪先生,5,不枉我们等了这么久！灯服道效化都是极高的水准！和原著相比，略有改动，都在情理之中。演员的演技都无可挑剔，看到韩童生，雷佳音，周一围这些名字，就让人安心。张小敬回忆不良人往事一段，让人直接泪崩。这部电视剧必定高分！顺便怒赞马亲王！,6/28/2019,力荐
150,红色眼镜盒,5,"两天看了8集。整个剧现在看来节奏非常紧凑，第一集交代背景看了两遍，逐渐理清人物关系以后渐入佳境，尤其到第六集突然爆发，看的根本停不下来。
没太看过原著，也没什么预设，我反正觉得演员都很优秀，小人物大人物都有血有肉，很注重把握情绪和细节。是很良心，很值得一看的好剧。近期国产佳作！
雷佳音的张小敬铁汉柔情，是个披着坏人衣的好人。
易烊千玺的李司丞很有清冷孤傲之气，举手投足都很有范。
其他很惊喜的配角包括鱼肠杀人那段好飒！地下城那部分上升到了忠义和人性，两位配角小乙和丁曈儿很惊艳！
难得制作和演员都精品的好剧！",6/29/2019,力荐
151,白脸,1,台词太密，太装；配乐太满；节奏太慢。布拉布拉整一集，看得人闹心，故事却没有任何进展。,6/28/2019,很差
152,专业影评人Eric,2,冲着原著来的，画面，摄影，音乐都做到了极致，雷佳音是一个亮点。易烊千玺真的没让我失望，用他那张木头脸完美诠释了小学生的演技，佩服他，一个人毁了一部电视剧,6/28/2019,较差
153,allen呼呼,5,这个品质不输美剧啊。从镜头感到剧情张力都甩开市面上大部分作品几条街，细节处十分用心，年代感的台词，,6/29/2019,力荐
154,42466304,5,看到前面一位专业评价后，本想给五星的，就犹豫了。商业片，投入和产出是个难题，跟做生意一样，没有满分的生意，但有些努力值得给满分，拍摄手法，后期处理都很用心，服装道具，群演数量，配角没有不在线的，很舍得花钱，至少给95分，希望片子大卖，希望更好,6/29/2019,力荐
155,言久必失,3,和式唐风，累惹。,6/28/2019,还行
156,暴躁网友,1,弟弟真的不适合古装啊……,6/28/2019,很差
157,聿的记忆是几秒,1,尴尬死了，整个一个面瘫，台词跟背诵课文一样。,6/29/2019,很差
158,月浅思念深,1,不喜欢,6/28/2019,很差
159,我是高级的跳脚,1,雷佳音演技吊打另一个，没演技长得丑的另一个天天夸上天，一到剧里现原形，台词太差了，演技三脚猫,6/28/2019,很差
160,有风自南,5,不避讳的说易烊千玺是所有当红小鲜肉中对自我要求最严格最有职业操守的，综艺如这就是街舞；电影如少年的你；电视剧如长安二十四时辰足以证明。,6/28/2019,力荐
161,alice,3,易烊千玺的台词太烂了，大败笔，面无表情地背台词，没人教教他怎么演戏嘛。,6/28/2019,还行
162,又一周啦_,1,不太敢说 但是易烊千玺真的不好看啊……,6/28/2019,很差
163,举目Jonty,1,制作精良，演技做作,6/28/2019,很差
164,Mosquito史歌,4,小说本就以细节见长，剧版更是在保留原作精华的基础上，通过演员的演绎丰富了这些内容，拥有一个尊重原作的班底是多么重要， 同时剧集拍的很有电影感，服化道都是一流水准。雷佳音作为大男主，演技出众，经过这么一部热播剧，应该能跻身实力派行列。但更让人眼前一亮的当属易烊千玺，这几年发展势头与成长值超过其他两位，在这部剧中目前出场表现可圈可点，完全超过预期与既定印象。,6/27/2019,推荐
165,老婆饼,2,剧的质感还不错，可是被雷大头毁了啊，面瘫一个,6/27/2019,较差
166,四季天,5,马伯庸原著改编，本子够硬，完全不担心剧情。没有审美粗俗的滤镜和磨皮，也没有为了硬凑剧集生掰狗血拖沓的情节，这是第一好感。讲究的服化道、观赏性极佳的长镜头、底蕴深厚的台词、紧凑递进的节奏和众演员实打实的精彩演绎，至此好感已破表。一个字，稳。两个字，良心。只是一口气看完12集，也不知何时更新？好慌~,6/29/2019,力荐
167,鸿歌,4,借古喻今题材，一开篇的强情节冲突，就足够抓人眼球。危机之下的生死时速，本来以为更适合改编电影，但没想到剧也不错。故事讲的更清晰了，格局也撒的更开，网已经铺下了就等待收拢，结局我拭目以待。,6/27/2019,推荐
168,皮皮光我们走,4,期待好久，终于上了。早前很好奇国产剧能不能拍出美剧24小时那样的情节密度和紧张节奏，《长安十二时辰》做出一个很好的表率。雷佳音饰演的张小敬也是个很特工片范儿的反英雄主角，放浪不羁智勇双全戴罪立功，热血冒险、悬疑破案等元素组成多线叙事。几位主演演技都在线，易烊千玺古装好看。,6/27/2019,推荐
169,紫罗兰,4,四字黑粉真恶心，就算讨厌四字能不能去别的地方，长安十二时辰的画质，剧情，制作，还有老戏骨的演技，悬疑的题材，居然就被你们无脑的恨直接打一分。这部剧怎么都不可能打一分。原著粉就真的要呕血了，你们黑四字我不心疼，我心疼我们马亲王的作品呀。气死我了。,6/28/2019,推荐
170,cafuné,2,两星给雷佳音…yyqx根本不长照片那样…台词也很差,6/29/2019,较差
171,Nucky,3,形式掩盖内容，内容拖累节奏，这应该是个很好的剧本，为什么这么松松垮垮，根本不期待后面的剧情，就是你演到哪我看到哪。,6/28/2019,还行
172,📻,5,服化道也太精致了吧，还原度好高，紧张的气氛感也把握的很好。雷老师一如既往的优秀，千玺弟弟的颜太能打了，是我心目中清俊的司丞大人，演技和台词虽然有差距，也完全超出期待。,6/27/2019,力荐
173,奥利维嘎,5,不错，四字弟弟未来可期。难得的盛唐背景的电视剧，清宫戏真的看腻了,6/29/2019,力荐
174,真的服气,3,看了几集，仿佛回到看海上牧云记的状态。求求导演不要故弄玄虚，神神叨叨了，请精准把握一下节奏。画面依旧很美，妆容和滤镜都很赞，三星观望。,6/27/2019,还行
175,水蜜桃汽水,2,实在坚持不下去了，我先撤了，你们继续,6/29/2019,较差
176,万寿路拓海,5,本来就想给五星。看到诸多无脑黑，更要给高分！无数细节把控还原一个真实的大唐（比如开篇镜头中长安的“明渠”等等）；且单说片中女性正正经经的唐妆，其真实性就超越了无数唐代题材的影视作品。更别说电影般的光影质感，和颇具代入感的长镜头拍摄。在摄影水平过硬的情况下剧本和演员也并不逊色，惊喜看到了辉叔！不可否认，台词上确实有许多对观众不友善之处，在商业作品的背景下显得太刻意追求还原时代特色了，不过瑕不掩瑜，好作品，值得高分！再提一下无脑黑们，比如什么“一看到雷佳音就想起前夫哥”然后就能给出两星也是够了。评分、语言，都是是观众手中的刃，别让你的“一时痛快”抹杀了创作者的努力。有脑评分，和谐观剧～,6/29/2019,力荐
177,梅梅梅子,1,难看 里面的流量台词 演技都被雷佳音吊打,6/28/2019,很差
178,掉线,4,摄影太赞了，构图和色调真的是如盛唐画卷一般，无论是细节还是大场面都看得出背后制作的用心和规模。故事时间限定在十二时辰当中，快节奏的剧情让人很有追下去的欲望，第一集便用案件架设了悬念。易烊千玺和雷佳音的表演也都不错，这个剧真的很可！,6/27/2019,推荐
179,骤雨至,4,先前看小说的时候就觉得这是一个非常适合改编成影视作品的故事，只要遇上靠谱的制片方就一定不会难看，老早就期待着了，所以剧集一上线就看起来。记得最开始设定成48集，看到的时候还抱怨肯定又要疯狂注水了，现在删减成26集了？那看来也不会拖沓，还真的挺不错的。很喜欢开篇用一曲小调引入的形式，长安人情图中暗藏着怀有狼子野心的外族贼子，喜乐与繁华里是足以颠覆王朝的危机。如此长安，怪不得有这么多人愿意舍了身家性命倾尽全力去保护。雷佳音一直是我喜欢的演员，剧集中删除了张小敬瞎了一只眼的设定，但并没有削弱他的狠戾和果决。易烊千玺倒是还挺意外之喜，没有初次演戏的生涩，诠释得挺不错的。,6/27/2019,推荐
180,长腿叔叔,5,真的好看，内容特别喜欢，演员演技也在线，很好看，服化道、配乐、摄影、打光、整片电影质感都绝了，开头的一镜到底真是盛世长安啊！剧组在细节上的处理非常用心，李必头上道家芙蓉冠子午簪的特色插法，棺材铺里摆放唐三彩等。主演方面彼时还未系统学习表演的易烊千玺演技竟也不输，李必仙风道骨运筹帷幄心怀苍生，雷佳音不羁野性十分带劲，此剧着实良心,6/29/2019,力荐
181,SuperLightman,5,很早就看过原著了，期待了很久剧版，终于来了。最大的失望是剧中但凡历史人物的名字全都改了，其实这在原著里是一个很大惊喜点，随着剧情，一个个耳熟能详的历史人物像彩蛋一样浮出水面；最大的欣慰是主创们在这样的大环境下依旧坚持拿出诚意之作，这剧拖了很久才上，想必经历了多次修改，该打码的打码，该删减的删减，总算过了censorship。想一想我要是搞电影的，早就自暴自弃了，但感谢还有这些电影工作者的坚持。五星，全给你们，真不容易！,6/29/2019,力荐
182,agynesslfr,5,比想象中好很多，剧情紧凑，人物立体，雷佳音演的比我读书时认为的张小敬更像一个实实在在的人，千玺的存在是最大的惊喜，是那个天才又自信又志向宏大的李泌，值得期待。,6/27/2019,力荐
183,最爱你,4,昨天晚上终于盼到我等了大半年的古装悬疑剧，还好这部剧没有让我失望，第一集对于我一个小女生来说，看得很紧张，但是剧情是真的好，紧凑惊悚，让人想一直追下去。,6/28/2019,推荐
184,王小鸭,2,啊啊啊，我太喜欢千玺弟弟了，但是一看到雷佳音就出戏，满脑子都是前夫哥,6/27/2019,较差
185,東林Doning,4,长安:我最喜欢的古都。希望能满足我对长安的瑰丽想象,6/27/2019,推荐
186,薯条酱,2,好难看 易烊千玺原来也照骗,6/28/2019,较差
187,清流,2,前面说雷佳音演的好确定真看了?就那表情都不带变的面瘫演技这叫演的好?还不如千玺弟弟啊。,6/27/2019,较差
188,苦菊半斤对八两,1,送给马老师,6/27/2019,很差
189,少放芝士,5,一句话，易烊千玺的队友粉能不能别来打一星了，一抓一个准，恶心死了，因为饭圈里对一个人的恨抓住整部剧往死里黑，幼稚又小气，井底之蛙的做派,6/29/2019,力荐
190,藕节度磅,5,更新一下我心中国产剧的前五排名：《我爱我家》、《长安十二时辰》、《琅琊榜》、《编辑部的故事》、《大宋提刑官》,6/29/2019,力荐
191,Xellos_s,1,别再吹了。,6/30/2019,很差
192,木雅,5,各方面都不错，几集单拎出来也比市面上90%的电影好,6/28/2019,力荐
193,当归,5,终于知道被迫延期换挡的原因了！原本18年末定档的大剧，莫名被拖到19年中，看罢方知原是被审查拖累，一部制作精良的正剧，就硬生生不得不把所有历史人物的姓名全改了！！有必要这么防着咱老百姓么，有本事把亲王的原作全销毁重印得了。看看之前的官方剧照和现在过审后的版本，李泌、贺知章、李林甫、李享、杨玉环等等，全TM被审查逼得把名给改了。看过亲王原作的小伙伴都知道这是历史架空故事，大部分使用了当时的历史人物，但亲王也没刻意抹黑谁阿。非要改名，这还有历史情景感么！最好笑的是把杨玉环改成了严太真这名字我真是误会了好久还以为是哪个道士...真想问一问现在上头的审查究竟是在怕什么？有什么不能用历史情境来虚构故事的？这用几个历史人物会对咱文化有多大负面影响？哎，现在谈文化自由估计比乌托邦还虚妄吧...,6/29/2019,力荐
194,mika,2,剧情包袱都给台词讲完了怎么看哦,6/28/2019,较差
195,祁酱,2,这只有我一个人觉得拍的不好吗？老实说，有些人真的不适合拍戏，好好地唱唱歌不好吗,6/28/2019,较差
196,草原上的马,5,这电影级别的制作我真的服气了，演技摄影节奏简直不要太好，目前为止我看到的最好的古装剧,6/28/2019,力荐
197,嗯哼,3,？8.7，粉丝牛逼,6/29/2019,还行
198,chance,4,从去年拖到今年，本来以为我的期待值会被消磨掉，但看了片子，真的很惊喜。四字弟弟的眼神在线，节奏在线。,6/27/2019,推荐
199,Veritas II,2,"是我高估你了，哥们咱练练口条成不
所有人都跟为了显示情况紧急噼里啪啦往外倒台词似的。。。
soundtrack5星",6/28/2019,较差
200,milan,4,质感不错，前期平铺直叙，张小敬与李必一动一静，尤其前者的＂动＂是此长安故事的灵魂所在，人物粗砺生猛兼有活泼逗趣，形象极为丰满。目前问题是节奏时松时紧，剧情夹杂呈块状向前推进。期待后期渐入佳境变换节奏。,6/27/2019,推荐
201,ericyy,1,一般，有待提高,6/28/2019,很差
202,紫竹缘林,5,雷佳音的演技是公认的实力派，而他在这部戏里我感觉又升了一个档次，易烊千玺在拍这部戏的时候还没进入中戏经过专业且系统的学习，所以在这些老戏骨面前确实可能有些青涩，但在剧里绝不出戏，有的点，眼神很有感觉，有戏，也演的很有感染力，所有人都是用的原声。记得当时看原著的时候，每一章每看一遍，感受都不同,6/27/2019,力荐
203,HarperYug,4,被催着一起看的，没等来《少年的你》 ，倒是给了这部剧也算是一个“安慰”了吧。开局开的还算不错，色调及镜头感很有味道，营造的紧张感也摆脱了同类的古装无脑剧，值得继续看下去~,6/27/2019,推荐
204,艮艮,4,终于有一部期待的剧播出了，太难得了！画面服化道也太棒了，整体节奏UPUP的快，让人恨不得一天看完全集。长安城里，看似平静的世道啊，早就变天了。,6/27/2019,推荐
205,candyli,5,开场惊艳极了，真正的电影质感。比起《妖猫传》的长安盛世也毫不逊色，大气磅礴！低饱和度的调色增强了历史的厚重感，更容易入戏，运镜是教科书极别的，近景远景的切换自然巧妙，国产剧中难得一见。四字弟弟的原音好评，超大段的台词用他最舒服的状态说出来非常自然，小公子未来可期！,6/27/2019,力荐
206,杨超越,2,请粉丝不要尬吹“流量演技之光”，请粉丝不要尬吹“国产古装剧标杆”，请粉丝不要尬吹“飙戏”。,6/29/2019,较差
207,马薇薇,4,起初看到张阎王匹配雷佳音，唯一的相似点恐怕就是“大头”，如今看了几集，怕是要实实在在的真香。演员到底是演员，换个角色换个气场，狡黠圆滑的明朝裴纶变成五尊阎罗唐朝张小敬，这个长安城，也只有他能救的了。,6/27/2019,推荐
208,韩商言,4,开头就让人感觉到了物服道化，造景取景，都是有极好的还原配合着色调有制作精良之感，男主是与众不同的，他行动力强，有智慧，冷酷不择手段却心系苍生，而男配智慧与权利，年轻，主配之间形成了一种隐形而鲜明的对比，从开篇铺垫来看，是一部相得益彰，值得继续看的剧。,6/27/2019,推荐
209,蓝色的你,3,理性打分在六七分之间，但是，现在这分虚高的我都要怀疑人生了，粉丝们能稳重点打分吗，过了就要给弟弟招黑了。,6/28/2019,还行
210,藤子墨,2,男主颜值这个坑我可以忽略，前提是你得有演技，但你演技生硬永远苦大仇深一张脸加不看字幕听不清说啥加仪态差加剧本不行，唐朝史剧居然出现各种日本本土元素在剧里，我好方，真白瞎了大头哥的演技和剧组整个制作团队，真是辛苦了，不容易啊，最后真情实感写的影评，求放过,6/29/2019,较差
211,狗屎诗人,1,"看到导演是曹盾这货，看过他的海上牧云记对长安十二时辰基本不报希望了。可惜了这么好的小说今天看了一集，不愧是曹盾，成功在十分钟内毁掉了原作最大的闪光点。",6/28/2019,很差
212,元洛神,2,"一个现代反恐故事没必要找大唐，这剧服道化进步很多，虽然和风免不了，但男装不错。真正的毛病在于曹盾把握节奏简直灾难，混乱至极轻重不分。另外，也没有剧情，只有大段显摆自己很考据的台词来点明设定。搞得四字跟个焦虑的提词器一样。其实他外形虽丑，但年龄啥的也还符合吧。这是导演编剧的问题。
我看到第四集，虽然略好于前二十分钟，但兴趣已然耗尽。",6/28/2019,较差
213,连理,1,……易烊千玺很帅，声音好听，都没错，然而……剧里面瘫脸，台词生硬，吹的那么狠真的好吗,6/29/2019,很差
214,皮卡丘,1,藕,6/28/2019,很差
215,三岁的刘宝宝,4,看了一丢丢感觉很不错啊，有追下去的欲望，期待四字弟弟的表演，希望看到前夫哥不会自觉笑出来。,6/27/2019,推荐
216,爱吃鱼的大猩猩,1,被豆瓣分数骗了，不是服化道细节良心就是好剧，中国的导演和编剧什么时候才能明白，一部剧首先要讲好一个故事才能是一部剧，没有好的叙事光有服化道有什么用？我又不是在看时装周！演技我就不说了，这剧和海上牧云记一样，反正我是患了曹盾PTSD了(哦还有所谓的电影画质，拍电视剧就好好拍电视剧，整个电影画质就高逼格了？谁来给我解释下什么叫电影画质？),6/29/2019,很差
217,丸子酱,5,他来了他来了，千玺弟弟他来了,6/27/2019,力荐
218,最可爱了,5,这部剧算是一部良心之作了，细节处理是真的用心了，崔器衣服湿透呢，那是因为他跳渠去追曹破延，可惜腿短了，没有追到，他只好湿漉漉回靖安司复命了，还有很多其他小细节表现得很好。,6/28/2019,力荐
219,教授和Mars,5,四字弟弟没有拖其他人，还不错，高于预期,6/29/2019,力荐
220,凉花白,5,每一帧，我都想截图，太烧钱了，太烧钱了。大头突破了以往现代剧的人物框，很惊艳。四字也比想象的要好。看评论很多人说演技太过稚嫩，原著党表示李泌本就是少年初担大任，各方压力都是他从未承受过的，易烊千玺把少年人思虑过甚的形象诠释得非常好，看好他以后的演艺发展。貌似大家总是对他要求太高？？？,6/28/2019,力荐
221,迦南Canaan,4,拥有极强的电影质感。开篇的2分钟长镜头就奠定了电视剧的野心，带出了满满的盛唐气盛，拓宽了这部剧的整体厚度。从干脆利落的分镜毫不拖泥带水，到精致的服化道完美还原唐朝风貌，再到剧本处理时间的架构，都完全是用制作电影的思维模式去拍摄，国内少见如此精致的电视剧，众多演员的加盟也让全员演技在线，会追。,6/27/2019,推荐
222,森寂,5,果然没让我失望，镜头的处理真的做得挺好的，尤其是开头的长镜头！！！原音更是锦上添花，雷佳音的轻浮不屑的眼神太有戏了！吹爆！！！,6/27/2019,力荐
223,凌天大帝,2,说实话，看过小说，对于雷佳音演男主一直不认可，现在电视剧出来了，果不其然，头太大，痞子气浓，根本演不出原著主角的那种狠厉的气质。导演叙事能力在海上牧云记和治愈者这两部剧里面已经完整展现了。节奏感把握不好，叙事不够明确，看电视剧晦涩是最不能接受的。二星给服化道和摄影（算是給曹盾面子）,6/27/2019,较差
224,桐荫,5,"开篇一个长镜头下来就是烟火气息。盛唐绝对不仅华丽的珠翠和威严的冕旒，市井的炉火和声嚣也很吸引人，游侠和僧侣，贩夫和走卒的日子，谋划和追捕，扣人心弦
如今能上映这是皆大欢喜。",6/27/2019,力荐
225,期末冲鸭,5,先去追了哈哈哈哈哈哈哈哈哈哈哈哈哈哈哈哈哈哈哈哈哈哈哈,6/27/2019,力荐
226,繁花终落,4,一个简单的，24小时内发生的故事映射了整个盛唐时代的状况，早就不是盛世长安，唯有一个死囚犯才能救的了全城百姓。张小敬的演绎，太惊艳。,6/27/2019,推荐
227,cale,1,又到了显摆粉丝数量的时候了，满屏的口水用力过猛，这叫有演技？,6/28/2019,很差
228,瞎想学家_大仙,4,单是第一个镜头对市的描绘，已秒掉无数老百姓穿的花花绿绿随便逛街的古装剧了。,6/29/2019,推荐
229,河童,5,如果说前两集让人看的有点闷 那请大家务必不要放弃 后面你会看得根本停不下来 我一晚上看了八集了😭我之前还觉得雷佳音可能不适合张小敬 我后悔了 太合适了 还有千玺 非常惊喜 全员原音 非常用心的剧 不上星最可惜,6/28/2019,力荐
230,Chance,1,emmm好丑！,6/28/2019,很差
231,影视迷,5,看了四集，故事情节紧凑，人物形象有血有肉，不那么片面，服装道具做的很细致，电影级的镜头感，演员演技全在线，千玺的演技让我很惊喜，不是说演技很好，而是在这部剧中没有拖后腿在跟众多老演员对戏的时候没有被压下去，还是有自己亮点的，在90后，00后中是很不错得了，最后要说下这部剧中的配音和音效做的真的是太好了，看的我十分紧张刺激，在很多商业片中都没这么好的配音和音效，有的时候再一部剧中配音和音效配的好话能给影片提不少分，第一写这么长的评论，写的不好大家勿怪。,6/29/2019,力荐
232,海绵包子,1,某人演技尴尬,6/28/2019,很差
233,游离之外,5,"真的是一部良心好剧，明明是电视剧却时刻有看电影的错觉，质感真的不错，剧情也很好，雷佳音周一围演技真好，千玺弟弟在一众实力派之中也有自己的亮点，未来可期。
我真的好喜欢半文言的说话方式，觉得很有韵味，一股历史感扑面而来，还有剧中的小细节我真的好惊喜！",6/29/2019,力荐
234,小萝卜头·糖泥,2,选角差评，姚汝能差评。,6/27/2019,较差
235,佳佳,4,"我是因为千玺弟弟看的，看了街舞听说了这个电视剧，并且为了看街舞充的优酷VIP白看白不看。
我想说17岁的演技已经不错了，可圈可点，超过了我的预想。大头的演技爆裂啊，小乙，檀琪好棒。还看见了破冰行动中的辉叔，感恩。。。",6/29/2019,推荐
236,你说啥,1,把原本的小说缩短了那么多，结果剧情还是不知所云，演员除了雷佳音外都让人难以忍受，雷佳音也没有在电影里那么出色，现在的改编网剧真是让人堪忧,6/28/2019,很差
237,森林的男人,2,先说演技，弹幕满屏都在吹爆四字弟弟的演技，我真的是尴尬。台词和背书一样，毫无一点生气，枯槁得像一湖死水。除了偶尔皱眉，全程无丝毫面部表情，可以和杨天使的瞪眼出一部书了。  剧情方面，看完第一集真的是尬到天了，李必让雷大头不要想逃，逃哪里都可以传递情报从而监控他。可是这样厉害的天眼系统，却连一个逃跑的狼卫找不到？再后面莫名其妙老师出来就说大唐要完了？黑人问号脸？老师不怕谣言死罪吗？总的说，第一集给人感觉就是在故弄玄虚，导演功力不足，总是在蹩脚地营造神秘悬疑，一堆无意义的人物眼神的近景特写，丧失悬疑剧的灵魂。,6/28/2019,较差
238,我是吃货,4,台词功底还是不行 但是用原声好评 给予鼓励 目前来看还可以,6/27/2019,推荐
239,Addiction🐾,5,本着“饭圈思维”的丑恶嘴脸的这种人我觉得也不配看这种剧 恐怕是也看不懂吧 我只能说贺知章告老还乡和小乙那里真的打动我。 惭愧的是我是文科生，历史却不好，看了这个我真的想好好了解我们五千年文明历史。各位黑粉真的幸苦了。,6/28/2019,力荐
240,游ok,5,趁乱开播，可以争年度最佳了吧。,6/28/2019,力荐
241,轻举绝俗,4,服化道和场面的升级不是通过牺牲剧情的完成度来达到的，这点忒赞。前几集都在埋线铺开一重天罗地网，然后渐渐收紧的氛围我超级喜欢。箭在弦上一触即发，张小敬和李必，就是拿着弓的那个人。,6/27/2019,推荐
242,宥茶,5,毫无疑问，这样的IP剧拍得再好，键盘侠也不会认可和点赞的,6/28/2019,力荐
243,6号线换乘站,5,服化道具色调台词都好，终于等到了。千玺弟弟台词很好微表情也不错，“我要做宰相”惊艳我，雷佳音卖了小乙我哭死，瞳儿和秦郎的部分甚至生出慨叹，葛老的配音是不是陈建斌老师？崔器一直不可一世的表情好欠打。,6/27/2019,力荐
244,时间终将和解,1,易烊千玺弟弟台词是认真的吗？那个造型，欧买噶，葫芦娃？我以为隔壁古装造型就够我吐血的了，这……看不下去了拜,6/28/2019,很差
245,元方,1,还年度最佳卧槽,6/28/2019,很差
246,于夕,4,"看了四集，目前进展还不错。四字弟弟算是小鲜肉组别的演技担当了吧，照这么努力下去未来还是挺有希望的。
我已经忘了我是奔着雷橘猫来的了！
看到四字弟弟心动的那一刻我才意识到我老了！！",6/29/2019,推荐
247,洪世贤,5,易烊千玺的演技像一辆越野摩托，在前辈们卷起的烟尘中，并肩前行，轻巧而不落下风，机动而不失把控，有时甚至能从车队中高高跃起，灵气涌现。未来可期,6/29/2019,力荐
248,灵儿,1,我不行了易烊千玺好丑……还没这个水平干嘛挑这么大梁子，真的不行,6/28/2019,很差
249,神田川🦄,5,赞美雷佳音！“我就得让这梦天天得是美梦”，我永远折服于理想主义。,6/29/2019,力荐
250,LoophyMa,1,紧张感完全靠音效和对话。。。可以说完全没紧张感，还有那个反派，总板着个脸是怕别人不知道这人有问题哦,6/28/2019,很差
251,专业围观,1,节奏太慢,6/28/2019,很差
252,人间不值得,2,易烊千玺演技告退，换个有演技的会打高点，他的台词有气无力那气声听得我烦躁，浪费其他好演员和服化道。,6/28/2019,较差
253,宇宙船长,5,吹爆十二时辰的制作，真担得上精良二字，一镜到底的镜头真的爱了爱了。易烊千玺与雷佳音飙戏也有看点，惊喜的是这是四字还未考入中戏之前的作品，在剧里的表现仍然可圈可点。,6/28/2019,力荐
254,怪兽老子,1,不符合我的看剧要求，不喜欢,6/28/2019,很差
255,十万伏特,1,Emmmmmmm颜值劝退,6/28/2019,很差
256,留靈脩兮憺忘歸,2,也别吹唐风，都认霓虹当妈了。,6/28/2019,较差
257,Evan☆,4,服化道用心，画面有种电影的质感，四字弟弟原声台词好评，尤其是大篇的文言文台词，记忆起来真的挺难的。只是剧情节奏有点儿慢，弟弟演技要是再放开一点儿可能会更好。,6/27/2019,推荐
258,已注销,5,"望楼上那紫色的灯笼升起之时，张小敬掸一掸空洞的眼窝，远处，一轮明月升起，月下人声鼎沸，诗人岑参握着闻染的手，慢慢地吟出一句—— 北山有芳杜，靡靡花正发。
",6/28/2019,力荐
259,嘟嘟熊之父 🧸,4,第三集渐入佳境，调度行云流水，剪辑声东击西。巨大的台词信息量注定了它的观赏门槛，遗憾还未看到人物，可继续追。,6/27/2019,推荐
260,人间霸王花,2,四个字哪里像钟鸣鼎食之家的公子啊，简直是世家大族的跑腿小弟好么，完全没有贵气，选角失败透顶，为什么要向流量低头,6/28/2019,较差
261,给爷跪下,1,看着真累，易烊千玺台词像嘴里塞了袜子，不看字都不知道念的啥经，跟周杰伦有一拼了。,6/28/2019,很差
262,曾是惊鸿照影来,1,四字台词也太差了，跟雷佳音这种实力派对戏，台词，演技都被碾压的渣渣都不剩,6/28/2019,很差
263,冬末夏初,5,本来是想给4星的，看到这么多一星就很奇怪，这不是个一星的剧。不管是不是粉丝，客观点是对自己好。多给一星，一半给鼓励，一半给幻想的长安城,6/29/2019,力荐
264,Lotte-F,3,拍摄手法和整体风格电影化，一开始确实给人一种比较惊艳的感觉，这部如果拍成电影两个小时的时长我应该会打高分，现在就难免让人觉得节奏虽快却迟迟不见进展，而且人物设置也都有些套路,6/28/2019,还行
265,RAN,4,看了3集了 目前来看 原著还原比较高吧，布景 台词也很大唐 很长安，对历史爱好者来说 比较欣慰吧。易烊千玺和雷佳音也比较接近小说人物在我脑海中的想象，千玺弟弟可以的 比王俊凯演技和台词好，就是需要这样的剧来下酒，爽！不想看那些狗血爱情 谢谢！,6/29/2019,推荐
266,悬丝傀儡,1,一星,6/28/2019,很差
267,长夏,1,恕我直言，可真难看,7/2/2019,很差
268,已注销,1,耐着性子看到了第二集粉丝狂夸的“我要做宰相”的部分，本来激烈的台词是技能加分点，也就是很容易吹演技好台词佳的地方，可惜演员实在太丑，想走捷径吹演技，整个用力过猛丑相横生，没必要真的没必要,6/29/2019,很差
269,alvinyan,1,粉丝吹的太尴尬了吧！四字弟弟有演技可言？就这还有台词功力可言？一镜到底长镜头是这么个亚子？这种粉丝向的长视频粉丝们请以后自己偷偷看就好，拜托了🥺,6/30/2019,很差
270,多米诺之魂,5,感觉没港台的掺合，大陆班底慢慢走回正轨了！,6/27/2019,力荐
271,吃的,5,跟这几年国产片来比 绝对满分 易烊千玺没啥大毛病，就是有时候台词还是不行。,6/28/2019,力荐
272,Fan,1,本来就烂尾了 现在又魔改成什么样了,6/27/2019,很差
273,白小鲲,5,多给的一星是防止有沙雕恶意打低分,6/29/2019,力荐
274,经巷,5,剧的质感太好了！一集仿佛一个大片 看着很舒服 千玺的演技还不错 17岁演到这个程度我觉得可以了 略显青涩但不违和 雷佳音的演技就不用说了 老演员～其他角色也很好,6/29/2019,力荐
275,徐梦洁,1,不敢说,6/28/2019,很差
276,烧焦的鱼,5,很有质感的国产电视剧  制作很惊喜 演员台词和表情都很到位 看过原著  期待后面的剧情,6/27/2019,力荐
277,吾皇万岁,4,唐朝晏景，上元一日，烟火人间。梦回大唐，制作精良，重现繁华盛唐。呈现出来的画面很有真实感，盛唐时期的妆容很有层次感，易烊千玺的演技也同样有进步。4星＋,6/27/2019,推荐
278,tfymy2,2,很一般，吹过了吧,6/28/2019,较差
279,franklin,5,质感我真的爱了  台词就是像文言文一样   太有古代的感觉了   ,6/27/2019,力荐
280,弋痕夕,4,和书一样行云流水的节奏，配角在前几集挨个登场，但完全不慌乱。谜团一环扣一环引人入胜，近几年最好的大唐文化剧。,6/27/2019,推荐
281,徐厂长,5,大唐反恐故事,6/29/2019,力荐
282,水仙花,5,不得不说，很久没看过这么用心的古装剧了，没错就是用心，感觉每一件服饰，每一段配乐，每一个光影的用心都是花了心思的，服化道我都很满意，感谢导演和演员让我们看见了辉煌的繁盛的大唐长安的一天。两个主演都不错 雷老师演技很老练，易烊千玺的青涩感正合角色，作为一名还很年轻的演员来说值得一个大大的赞了，优秀两字当得，会继续追下去的,6/29/2019,力荐
283,zoe20129,2,真的不如书，被甩八百条街，莫名其妙加的这些人物都是什么金主爸爸安进来的吗，编剧脑壳是不是不太好，节奏稀碎，完全没有读书时喘不了气挪不了眼的感觉，官斗线太弱了，把人物一起崩坏了。一上来让李沁自己说静安司多牛逼是认真的吗，人物形象不是高冷神童吗？ps葛老的配音是甄嬛传陈建斌的吧，还有有鱼肠是gay吧,6/28/2019,较差
284,Seven.,5,年度最优秀了吧。真的良心，电影级别电视剧。,6/29/2019,力荐
285,😈,1,对女性观众太不友好了 看了半集快睡着了。。,6/28/2019,很差
286,ewar0330,2,吹得一塌糊涂,6/29/2019,较差
287,耳冬,2,无聊,6/28/2019,较差
288,喵喵喵,1,装神弄鬼,7/2/2019,很差
289,Alonetogether.,4,雷大头和千玺的戏可追！,6/27/2019,推荐
290,logo,2,质感还行，但画面较沉且无聊,6/28/2019,较差
291,你说我是谁,5,我看完12集辽，只能说李必换个人演我也会看。,6/28/2019,力荐
292,bodhi,4,“再也没有比长安城更伟大的城市”，等了这么久长安十二时辰终于开播了，可以说这是我看过的最电影质感的剧了，原著也是很厚重的作品，值得追下去。,6/27/2019,推荐
293,理想蔚藍,5,精致！长安反恐24小时！,6/28/2019,力荐
294,凹凸,4,"《绣春刀》之后又看雷佳音演古装剧，台词功力太厉害，一开口就是戏。
有被制作惊艳到，光看开场的长安城长镜头就知道出手不凡，之后一段室内打戏的穿墙长镜头更是调度惊人。不仅摄影构图和后期滤镜考究，配乐和服道化也都是电影级的精良制作，现在连网剧都这么有水准了么？
头几集就铺了个大局，先给四星，持续观望下。",6/27/2019,推荐
295,katerina,3,易烊千玺这个台词太劝退了，平的我要睡过去了，没有重音，停顿的吗？？？连语气都没有啊，有点像动漫里的棒读,6/27/2019,还行
296,不想起床,5,有的人非得打一星来显示自己的逼格？,6/29/2019,力荐
297,风吹麦浪稻花香,4,对长安的细致描写成就了这部小说的写作高度，对长安事无巨细的精致还原从打一开始就在品质上赢在了起跑线。难得是演员选择也过硬，节奏把控亦得当，细节捕捉的很好，不愧是2019第一古装剧。,6/27/2019,推荐
298,Hello王錦鯉,5,我现在印象最深的，就是张小敬吃的火晶柿子、水盆羊肉，嚼个不停的薄荷叶。,6/29/2019,力荐
299,杜冰雁,5,确实是电影质感，我太喜欢剧里那些小姐姐们的衣服了！配着披帛真的好好看，行走的仕女图！几个长胡子的我都非常可以，尤其那个红衣服的哈哈哈哈真的可爱,6/28/2019,力荐
300,追光者,5,《长安十二时辰》这部剧真的是难得一遇的好剧，制作精良，演员的演技更是爆表，最让我惊喜的就是台词用的是原声，这一块真的非常加分！易烊千玺这小孩儿真的牛逼了，那么多那么长的台词，他的那个角色真的不是一般的小鲜肉能演的了的！看网上说，拍这部戏时，弟弟好像才十七岁，我的妈呀，十七岁，我那会好像在读高中！而人家弟弟已经演了这么一部牛逼的大剧，佩服佩服！真的良心推荐这部剧！如果国产剧的制作都能像这部剧看齐的话，国产剧的水平绝对会上一个新台阶！,6/29/2019,力荐
301,Edward,5,你所谓的雷佳音的油腻感，和易烊千玺的表情不丰富，都是对于原著角色的百分百还原，没看过原著你就好好看剧，这剧已经这么用心了，你能不能别故意找茬刷低分，要不要脸了？,6/29/2019,力荐
302,夏日rose,1,剧情还可以，但是某些演员太败好感了。本来就是被营销带进来的，但是和营销差太远，彻底不想看了,6/29/2019,很差
303,米兰の虔言,1,期待越大，失望越大。一星给四字弟弟的原声配音，未来继续加油,6/28/2019,很差
304,霓虹番茄,5,"曹盾老师这一波太可以了，他完成了每个西安人的梦想！这完完全全就是我梦里的长安啊！本西安人激动落泪了！演技在线细节考究，就连片尾曲韵味十足！不看不是西安人了等完结我就推荐给我爸妈看～

这两天一直在反复听片尾曲，越听越喜欢。有古典的韵味但又有一些偏现代的表述，让年轻人比较容易欣赏，与剧情紧密相连形成了完美的闭环，不像很多古装电视剧一到片尾流行歌曲一唱立刻让人就出戏。",6/28/2019,力荐
305,Frankie,4,摄影非常可以，剧情还在看。,6/27/2019,推荐
306,已注销,1,我惊了粉丝控评成这样 首先 发现yyqx真得不帅 按头吹帅怎么回事 脸部线条也太不流畅了吧…真的看不下去 然后 哪里看得出是写实还原…这场景…真的很像狄仁杰通天塔质感 最后 造型真的都不行 再加上这台词…太出戏了…,6/30/2019,很差
307,游女,5,易烊千玺的演技意外的不错。,6/27/2019,力荐
308,今天也要加油鸭,2,易烊千玺演技真的被周一围雷佳音吊打了，而且古装有一点点丑……dd还需要再努力一下，感觉看不下去,6/28/2019,较差
309,安,2,冲着雷佳音和易烊千玺还有原著马伯庸以及之前种种还原，去看了，完全看不下去。。。,6/28/2019,较差
310,妖妖灵,1,呵呵,6/28/2019,很差
311,时光Serene,5,"好看ヽ(ﾟ∀ﾟ)ﾉ
虚宾痴迷以大案牍术推演真相，为接近卷宗案牍，他宁终身只做八品主事。
炽盛大出，霍然而落。大荒落
大唐的长远，有我。

",6/27/2019,力荐
312,Hideo,4,先说优点，服化道是完整的，近景也没露怯，可以把人拽入到时代的氛围里。调色和一些运镜和节奏有电影感，大部分人的表演也没有拖后腿，台词文本层面不出戏，信息量也足，比片汤儿话一堆水日常的戏要好得多。再说缺点，一切都显得太干净了，不够脏。我希望在城门上看到磨损和灰尘的痕迹，人均(包括阶下囚)一口大白牙让人对那个时代的牙科水平惊异。这剧还有一个让人心生好感的地方就是，没有拍得又臭又长，要是五六十集，那可真一点想看的欲望都没有。,6/27/2019,推荐
313,大叔唐其琛,2,不可。。。易烊千玺让我有点失望,6/28/2019,较差
314,米豆油,1,更丑,6/28/2019,很差
315,VIVO S1 Pro,1,呵,7/1/2019,很差
316,慢慢,5,这部剧质感真的超好了，没有加一些乱七八糟的滤镜，里面的每一个戏份不多的演员的演得很到位，雷佳音的演技真的很棒了！易烊千玺也让我惊艳到了，与人物气质很符合，很多片段都发挥得很好，不过因为经验不足，和雷佳音还是有很大距离的，还需要好好磨练。,6/29/2019,力荐
317,十九孔桥,1,真啰嗦,6/28/2019,很差
318,Supercutegirl,5,这部剧昨天突然出现在优酷首页 带着对剧名的喜欢和对四字弟弟的好感去看了 第一集我这个智商的确有点难懂 不过从第二集开始就真的太上头了 熬夜看了好几集！特别喜欢这种类型的古装片 第一集那个一镜到底真的好多人在夸啊 真的超级舒服 看起来特别高级！开头的市集场景伴着小曲儿出来 那个质感就打动到我了 真的大片即视感 有种看电影的感觉 大头叔叔完全颠覆搞笑形象啊！演技真的很棒！出乎我意料的是 四字弟弟真的不错 那种清冷的气质出来真的杀到我了 好喜欢这种干干净净的角色 原声也很棒 低音也太苏了吧啊啊啊啊啊 小小年纪能做到和前辈对戏不弱场真的很棒 台词稍显青涩 但是眼神真的不错 能Get 弟弟未来的戏路应该会很好 总之 这部剧制作简直良心 继续看继续看 ,6/29/2019,力荐
319,性格如此,3,"雷佳音果然不会让人失望是真的棒
但是易烊千玺的演技和台词真的不行
最后粉丝们不要吹什么有的人不看这部剧是因为他们看不懂。不要以为你们看不懂别人就看不懂   这样很招人烦",6/28/2019,还行
320,lucky99,5,一部制作上佳的国产剧，不应该成为粉黑battle的工具，打一星的良心让狗吃了，你放心看到我这条还来打的，我会给你爱豆的作品一条条还回去,6/29/2019,力荐
321,离离,1,主演嘴里是含着口水和别人说话的时候开喷吗，台词要不太平要不就是人体喷射机，影响观感，一星不谢,6/29/2019,很差
322,一杯西瓜汁,5,从预告里就觉得易烊千玺的台词可以，正片也不落下风，长安街景画面质感很优秀，就原著还原来说很不错，集数也满意！,6/28/2019,力荐
323,笑看风云,5,"这么高质量的良心剧有些别有用心的人恶意刷一星真是挺无耻的
真的 那些尬黑的看得我都好尴尬",6/28/2019,力荐
324,丰台程大小姐,1,一个类型化作品拍成这样？？？？有毛病吧！原著强情节快节奏，现在除了华而不实的摄影还有啥？？？？一分都给多了,6/28/2019,很差
325,小野马,1,叙事很糟糕，糟蹋了一个本来很好的故事，浪费了那么多钱、那么好的演员。1集弃,6/28/2019,很差
326,豆友迷糊,1,感觉剧情一般、剪辑乱…………,6/28/2019,很差
327,小哇,2,画面美，布景讲究，服化道用心，故事不咋地。四字的台词毫无起伏，面部表情一成不变，评论一水的夸全是粉丝吧。。。,6/28/2019,较差
328,阿梨呀,1,？？？？？丑,6/28/2019,很差
329,一笑倾城,5,看了几集，对原著的还原度还是很高的，剧情节奏也不错不拖沓。易烊千玺的原音台词听着太棒了演技也及格！不过雷佳音有点颠覆以往的有点逗比的形象，很有爆发力！继续追！,6/28/2019,力荐
330,阿罗,2,不会继续了，太丑了。,6/28/2019,较差
331,为什么要吃鸭鸭,1,演技也太烂了吧…………,6/28/2019,很差
332,毛先生,5,今年国产剧最强毫无悬念 终于看到像样的剧了,6/29/2019,力荐
333,幻城印象,5,刚看完一集，很久没有制作如此精良的国产剧了，完全电影质感，拍摄手法配乐剪辑都堪称优秀，唯一缺点恐怕就是年轻演员给人感觉太过稚嫩,6/27/2019,力荐
334,🐰Chloe,5,国内很少有剧能让我看下来，大部分在一二集就弃了。但是长安十二时辰，追完了已更新的12集。我只能用震撼一词来表达我的感受。服化道考究，演员演技在线，演员全体原音（就这一点就能让我👍），长安十二时辰让我对国内的古装剧有了一个很大的改观。,6/29/2019,力荐
335,伶州鸠,2,15min弃，台词假大空，硬凹历史知识，一上来好似念一本枯燥说明书blabla10几分钟，再加上帝国某子台词差劲，每句都漏风出戏且满满地打着硬背标签，加上懵逼的大头。。马伯庸的小说还是不适合改编电视剧，硬凹历史知识且专逼劝退，又缺少剧集的基本元素：悬念及剧情。看不下去。看了眼导演了大名，想想他导的海上牧云记，似乎明白了什么。。,6/28/2019,较差
336,风子on the way,1,。。。太可怕了,6/30/2019,很差
337,D,1,易烊千玺……,7/1/2019,很差
338,周星星,2,台词吞音，气声太多，没字幕根本听不清，念得毫无感情跟背书一样；演技紧张的时候就皱眉，大多时候就僵着脸，太出戏了。可惜了精彩的原著，搭戏的老戏骨，考究的服化道。二星给大头，演技还是不错的。,6/28/2019,较差
339,柯兰大势,5,看到一个人说梦回大唐，眼泪差点掉出来，唐朝真的是我历史梦的起源，虽然现在做的工作跟历史毫无关系，但是心中对历史的爱一点也没有减少，谢谢长安十二时辰展现了我梦中的大唐盛世。,6/29/2019,力荐
340,战略性转移,5,单凭这制作，一口气刷了12集.这种剧的出现与成功比小美好小时光对影视业的贡献大太多.这是一针强心剂.,6/28/2019,力荐
341,斯嘉丽斯嘉丽,4,"本作该剧改编自马伯庸的同名小说，故事在小说为基础的改编下，有一个很好的框架，看了以后感觉导演对剧本的掌控力很棒，作为一个观众，我最喜欢这种多线叙事，剪辑节奏快的作品，这部剧让我有一种在看美剧的感觉！
",6/27/2019,推荐
342,黄鹂鸟是骗子,1,没看过只听过，易烊千玺那鸡拐嗓子能演戏？选角奔着流量去的就不值得看过。,7/2/2019,很差
343,黑色星期五,4,剧的制作还是很良心的，雷佳音表现不错，易烊千玺的表现倒是让人惊喜。,6/27/2019,推荐
344,春光灿烂猪八戒,5,质感特别棒，一看就是用了心的，就是有点烧脑,6/27/2019,力荐
345,六月栀子,5,真的太激动了，期待了好久的长安啊。片头就很精致，剧情紧凑也不影响故事情节，大头哥、坏人哥演的真好，千玺的台词也让人惊讶，毕竟是上大学之前拍的，太惊喜了。舍不得一下子看完。不过真的是今年最值得期待的好剧！,6/27/2019,力荐
346,mercury23345,1,我不喜欢抖机灵，但是四字说话真的像卡了痰，劝退,6/28/2019,很差
347,shininglove,2,和《海上牧云记》制作基本持平，服化道烧钱堆砌，过度追求形式感，戏核缺乏打磨，听一句台词，看一眼剪辑点，就知道手艺没吃透，勉强糊弄不看美剧的观众。,6/28/2019,较差
348,清晨物语,5,这样的剧不给五星天理难容！剧情细节服化道演技赞，最重要的是还原了盛唐时期的景象,6/29/2019,力荐
349,沐洲,1,易烊千玺是败笔。当然 马伯庸也是品牌效应 其实如何 也不如何。,6/29/2019,很差
350,无绪,1,台词水平确实不行，看了5分钟，放弃了。也别谈什么演技，太尬了，这些昧着良心的五星是咋来的？,6/28/2019,很差
351,我的大强宝贝,3,根本没看懂，一部好的高质量作品不应该是在无病呻吟，而是应该通俗易懂，且蕴藏着处事真理,6/30/2019,还行
352,生日愿望进鹅组,5,"五分全给服化道，不敢评满分但作为第一个吃螃蟹的就铁值五分。

靠，这是畅销书好不好，书粉等着播等多久了都。居然有人说这剧没人看😤电视剧又不是靠演员粉刷播放",6/29/2019,力荐
353,空母ヲ级,1,没事 单纯不喜欢干干罢了,7/1/2019,很差
354,Yvonne,2,服化道一般，镜头语言略生涩，四字弟弟虽帅气但台词还要多练啊，最不喜欢的是剧情，节奏太慢，可能是因为我看了原著的原因，本来感觉特别紧张的事儿给拍的慢条斯理的感觉，愣是把我看困，撑了两集还是弃了,6/28/2019,较差
355,金洛洛,2,千玺台词语调太平了,6/28/2019,较差
356,旧茶山,5,"是复杂精致，一刻不能缓的博弈破局，不张扬但力道足，观感像是窥破天窗，看人物故事暗流涌动。
来夸，布景服化贴切，台词讲究，节奏张力抓人，光源营造镜头切换区别不同人物动作、场景空间，层次画面色彩运用舒服。千玺和雷佳音的表演是精彩入戏信服的，不少场景戏点也是台词掌控带进去的。",6/28/2019,力荐
357,yancy,5,"是我喜欢的题材。是我喜欢的导演。里面3个主演都是我比较喜欢的。非常期待。希望编剧给力。不要把它变得拖泥带水

我绝望了。它60集😭编剧如果能把每一集都能做满了必须要超级厉害吧

看了。节奏没有我以前想的脱泥带水！不专心看会跟不上！满意了！

易烊千玺意外的不错。雷佳音一出声就很抢耳。意外发现他声音很有磁信很好听",6/27/2019,力荐
358,lkjasdas,1,极烂的台词 背课文都没这恶心,6/29/2019,很差
359,随风而去,5,等了好久 曹盾一雪前耻 节奏 画面 情节都是顶级 周一围的反派狠绝  孤傲 充满魅力,6/27/2019,力荐
360,甜心芭比姚b澜,4,这剧易烊千玺雷佳音和周一围老中青三代我最爱的男演员凑齐了，期待了一年终于上了，片方说是按美剧的感觉在做，但无论从画面还是剧情都很符合中国古代，很有感觉，给个好评！！！,6/27/2019,推荐
361,阿里嘎嘎,5,本来想打四星，被恶意评一星的人恶心到，这部剧有点审美的人冲着服装道具都不止一星，粉圈争斗真的恶心 🤢一星给长安服装道具一星给大段的一镜到底一星给韩童声老师一星给剧组现场收音，还有一星就是给那些恶意评分的垃圾,6/29/2019,力荐
362,ZHOU_Y,5,"一口气上了十二集，看了两集真的感觉太赞了吧，这个镜头，这个画面，这个打光，提前预订国产最佳了吧，易烊千玺的台词还有点稚嫩，不过很厉害的水平了，并且他气质很好，不浮不飘，角色有说服力。雷佳音不提了，从裴纶开始我就觉得他虽然长的软萌但完全可以驾驭狠辣角色！！这个张小敬我很满意！！！

这个剧，目前看来真的绝了，瑕不掩瑜，镜头唯美，打光高级，转场自然。给五星不怕骄傲",6/27/2019,力荐
363,凡凡,5,很棒了，曹盾好用心，剧组太有钱了，基本还原了长安，还有这是讨论剧吧，节奏挺快的，好想知道下面的发展，在评论区开骂四字丑是怎么回事呢，四字弟弟的黑好不要脸啊,6/29/2019,力荐
364,lu,2,为什么现在电视剧都往这个方向走了？画质越往电影靠，台词越往高深走，但剧情就是看不下去呢？,6/29/2019,较差
365,Piracat,5,马亲王原著我真的拜服，两本书全程毫无尿点！ 之前曹盾导演说“我不是还原唐朝，我是还原唐朝的一天！” 从改档到毫无宣传突然开播，始终期待！ 真的果然国产良心巨作……电影质感细节考究！ 反复看都有不同发现,6/28/2019,力荐
366,左翼,1,選錯主角。,6/30/2019,很差
367,captain168,1,再这么吹下去对演员有害无利,6/29/2019,很差
368,莫桑比克龙虾,1,易烊千玺粉丝手贱故意给我家打一星 那我也没办法啦 再手贱易烊千玺歪嘴喷壶变花洒略略累,7/1/2019,很差
369,Yanfei,2,我喜欢易烊千玺，但是这剧……我没有那种看到停不下来的精彩感……2星给画面……,6/30/2019,较差
370,Lmn2000,5,是良心剧了 这部剧有多累有多苦有多不容易都是我看着过来的 现在终于播了 一点都没让我失望 雷佳音＋易烊千玺就是绝配啊  虽然上线之前零宣传但看现在的热度也是很不错了 看了几集 剧里台词都好绕口 而且要很认真看才能懂意思的那种 易烊千玺台词功底真的颠覆了我对他的认识 依我看来在剧里没有易烊千玺和雷佳音只有张小敬和李必 而且抛开演技来说 剧里也很努力在还原那一天 色调什么的都好用心 那些职业黑跟对家粉丝不要乱蹦迪了 这部剧确实很好 希望你们爱豆有朝一日也能接到这种剧本 达到这种演技呢,6/29/2019,力荐
371,嘻嘻,1,我看剧，剧情要求永远是第一位，剧情永远是一部剧的基础！是基石！！但是现在徒劳追求所谓大制作，忽视最基本的是不是已经要成为常态了？以前我还会看在制作的份上持有些许宽容，可是当这种现象愈演愈烈，我忽然没了耐性,6/29/2019,很差
372,豆友188634701,1,四字的演技确实不咋样！,6/28/2019,很差
373,烛息,1,期望过高 一言难尽,6/28/2019,很差
374,武搀仗,3,尬！！易🐑千玺气势弱，眼神不行，表情不行，台词不行，就特么背书。雷佳音痞气、油滑过了头，台词也太浮。导演该紧的该慢的都不对劲，浪费了场景服装。,6/28/2019,还行
375,爱新觉罗·文姬,5,一⭐两⭐的是跟主创有多大仇啊😒至于吗ps.好不喜欢看谈恋爱，不爱看张小敬跟檀棋，张小敬跟闻染，龙波跟鱼肠…妈的鱼肠为啥是个女的有人告诉我吗:）,6/28/2019,力荐
376,菓、,1,主演全是我恶心的，酷毙了,6/29/2019,很差
377,Cathy,3,四字太照骗了,6/28/2019,还行
378,此号无名嘤嘤嘤,1,丑。。。,6/28/2019,很差
379,monica,1,易烊千玺小朋友的念台词式表演让我想起上学的时候老师点名让我背课文，我就是这样快速流利不带表情的背完的哈……总想着快点背完快点背完。演技被配角都秒成渣渣……,6/29/2019,很差
380,爱情雨,1,不行,6/28/2019,很差
381,tzh042500,5,看了一个打一星的人 给前任三打五星给这个打一星 呵呵 老子不是易烊千玺粉丝，就算易烊千玺演得和对戏的人不是一个级别的，但他也算演得入戏。剧情拍摄节奏都还ok  四星就ok  至于打一星？,6/30/2019,力荐
382,爱吃虾,1,翻过几本史料就是文化人了，还装上了瘾，这种无知和剧中各种秀姿势的台词一样令人尴尬。制作还算惊艳，可惜导演只识画面不识剧本。另外，所有演员的表演都有一股我是戏骨我怕谁的蛮力。包括四字。,6/29/2019,很差
383,消遣,5,评论打一星的是？？？？？我觉得这部剧不管从画质，妆容等质感也太强了吧！没滤镜好喜欢。反正我很喜欢，说看不懂的那些能不能多看书补点知识呢😄,6/30/2019,力荐
384,General T,2,现在中国的戏制作用力过猛，导演刻意炫技，演员像个二愣子一样背台词，服装像贵族一样高高在上，台词像穿着考究的乞丐一样空有形式没有内涵，观众像傻子一样看的泪流满面,7/2/2019,较差
385,joy,2,看粉丝吹上天了特地去看一看，结果我觉得就是个中规中矩的水平毫无惊喜。。,6/28/2019,较差
386,江上,2,基本视听语言不合格,6/29/2019,较差
387,以可爱出名,5,前几年看过原著，比较烧脑的剧情，今天看了一下电视剧，第一集没怎么看懂，剧情也不明白，从第二集开始张小敬捉狼那里一下子就热血沸腾，激动起来，雷佳音演技真的很绝，和在现代剧里面给人不一样的感觉，那股子狠劲都演出来，再说一下千玺弟弟，据说是十七岁之前拍完的戏，没受过任何专业训练，这里面表现的也算是很厉害了，台词说的也不错，眼神也特有戏，心怀天下人的感觉，给原著里面的李泌那种为长安城的心胸演出来了，里面都是些老戏骨，贺监什么的都不说了，反正都挺厉害的，才看到第四集，期待龙波（周一围）的出现，碰撞出的火花一定也超精彩,6/27/2019,力荐
388,爽歪歪/56,1,烂剧呵呵呵,6/28/2019,很差
389,elin,2,长安十二时给我海上牧云记、天盛长歌、将夜的感觉 ，画面美，服化道在线，演员也ok，四字弟弟虽说不上演技多好，但至少不出戏。但是导演讲故事的能力太差了，故事节奏不行，不抓人，云里雾里的，一直让我晃神。不过我看前面这类剧分数也不低，估计个人喜好不同，我还是更重视故事内核。,6/28/2019,较差
390,柯基,1,唉，不喜欢就是不喜欢,6/28/2019,很差
391,ang,5,五星不是完美，而是力荐。看了前面几集，很好，赤子之心向来最为动人。,6/29/2019,力荐
392,你懂个屁,1,豆瓣也开始有粉丝控评了,7/1/2019,很差
393,王骁,1,好恶心，控评都控到这来了,6/29/2019,很差
394,甜品控不控,2,一星给整体视觉设计背景铺设和服化道，很长安，很大唐风，还有一星是鼓励分。四字弟弟被吹的有点过，紧皱眉头面无表情的念台词也可以算是演技了吗？不过毕竟还小，我对他有一定包容度，雷大头的演技也没怎么体现出来啊……没撑起来,6/28/2019,较差
395,天衣无缝,2,节奏太慢，我实在懒得看下去，而且有大秦帝国的影子，最多二星吧,6/29/2019,较差
396,春天,5,"这部剧的细节真的令人惊叹！
布料拼裁间方显文明进步；繁复花纹里细微见真章。
大头的演技依然很棒，角色塑造很丰满。四字的声音真的是让我沉迷！！！而且台词还是大段的文言文，听起来真舒坦！演技也不错，毕竟是17岁的时候拍的，这才叫未来可期！！",6/29/2019,力荐
397,158****2601,2,分高得不像话，这剧撑死三星，装逼过度，故事讲得乱七八糟的,7/2/2019,较差
398,解不开的牌局,2,雷佳音老师还是挺好的，但我不懂评论里一边倒夸易烊千玺是什么意思？台词太差了，总担心他下一个字就喷出口水来…当年看小说真的觉得好好看…易烊千玺太毁台词了…一颗星给雷佳音老师，一颗星给我的马亲王！,6/28/2019,较差
399,旺仔牛奶,4,四分鼓励，国剧做到这种程度不容易，差一星说明还有进步空间(#^.^#),6/28/2019,推荐
400,离合,1,呵呵，最近真是啥好一点的剧都没有……,6/28/2019,很差
401,尘世书童,4,一口气刷了四集，剧组做了大唐长安城108坊模型，布景、道具都很用心，电影质感，良心剧无疑了。缺点是开头第一集没做好，不如原著小说紧张抓人，开头应该先攻仓库抓曹破延，发现毁灭长安大阴谋，然后靖安司临危出奇招，请出张小敬。现在的开头交代、回忆过多，有点慢也有点乱，怕是许多人要第一集弃剧了。。。,6/28/2019,推荐
402,猫扑风铃,5,没话说。这电影质感真的绝了，太好看了吧！,6/29/2019,力荐
403,罂粟,4,刚看两集，总体观感不错，道具制作精良，布景用心，整体电影即视感，尤爱雷佳音的张小敬，隔着屏幕都能感受到那股子戾气匪气，唯一的不足是演员的形象气质，李必和曹破延这两个内涵丰富的角色都没有演绎出原著丰满的感觉，配音是头号杀手。,6/27/2019,推荐
404,搴舟中流,3,四字的营销真是无孔不入，曹盾也没有那么吹的天上有地下无的，一味的追求所谓质感，必然是舍本逐末，南辕北辙,6/28/2019,还行
405,💤,1,清清白白小朋友在线踢匾👍,6/30/2019,很差
406,谢了啊,1,看了点长安十二时辰，觉得最好的是服装造型，原来是黑泽和子。就是黑泽明的女儿。剧情虚张声势，宗教和神的元素太多，看得出只是为了增加悬疑感，但没什么用。还是太慢了……太慢了，不得不快进。雷佳音的动作都是替身，太明显了。,6/29/2019,很差
407,柳先生总熬夜,4,唉，一星给服化道，这演员演技简直都是在演自己，更不用说剧本设定过于油皮了,6/29/2019,推荐
408,小陈超甜哒！,5,我看了我看了，我真的看了。说是雷佳音的演技是真的一直没让失望过，真的顶呱呱，弟弟以前对他的记忆就停留在了小孩子的样子，这一次看真的惊艳我了，而且从调色到整体，就有种电影的质感，好棒！！,6/29/2019,力荐
409,冬冬01号,1,不知道如此高分怎麼評出來的，唐朝就用水泥造碑了。這活也太糙了都沒抹平，什麼她媽的台词有些怒着裝13之感,6/29/2019,很差
410,may,2,这部剧盼了很久，不怎么样嘛，雷佳音演技真没营销出来那么好，失望。,6/29/2019,较差
411,趣多多,5,"首先说这部剧制作真的超级用心了，场景、道具、服饰、台词都很贴合当时的背景，大片质感！里面好多历史知识，很有意思。之前一直想会不会有一部电视剧好多集，但是只讲一天之内发生的故事，当时感觉自己很天马行空，可是长安真的做到了。演员配角主角演技都不错，雷佳音真的是实力派，演的死囚犯真的是活了，至于千玺，虽然年轻，但演的也不错了。
希望大家客观看待这部剧，好的国产剧我们应该鼓励，让更多人看到。",6/29/2019,力荐
412,月亮短歌,5,李泌好酷！！易烊千玺好帅！！！我感受到了我的爱情 ,6/27/2019,力荐
413,badmario,2,四字台词太差，没有起伏，含含糊糊，不看字幕根本听不懂。听着特累,6/28/2019,较差
414,野蒜,4,这个剧情简介是认真的吗？？？剧都播了还不改？？？西安反恐24小时，梦回长安大型沉浸式游戏！服化道一看是用了心砸了钱的，瞅瞅这摄影打光质感，高级。引起佛像控巨大舒适。易烊千玺古装效果蛮不错，名器多磨，爱豆转型之路一定能成功。韩童生倪大红堪称电视剧两大老丈人。现在大多数剧集，剧情水，台词水，此剧反之，剧情深，台词深，成败都因此。第一集略枯燥，第二集渐入佳境。,6/27/2019,推荐
415,子衿,5,之前无意间看过亲王的原著，后来慕名看了预告，花萼楼，服化道和剧情的还原度都让我对这个剧无比期待，从预告就看到了这部剧的用心，如今终于等来验收结果的时刻。易烊千玺的演技很让人惊喜，完全不出戏不赶客不拖后腿，雷佳音，看惯了他嘻嘻哈哈的样子，可再看张小敬也丝毫不违和。台词是我最喜欢的部分，于细处着笔，颇有古韵。不论是李白的诗抑或长源的《长歌行》，再如大唐之三省六部西安各坊的名称都让台词更添美感和韵味，仿佛一下就触摸到了昔时那熙攘繁盛的大唐。这是个不需快进且需细细品味的电视剧，导演对细节的把握和仔细最打动人,6/29/2019,力荐
416,饼干,--,看了前两集……美术和摄影虽然是顶级的，但是作为权谋剧，节奏还是太拖了，没有追下去的欲望，感觉也剧情上没有重点，剪辑和摄影看起来想面面俱到，剧情和台词过于讲究细节和交待背景，结果没有重点，也许喜欢天盛长歌的人会喜欢这类剧吧，反正我是看不下去了。马伯庸的原著我没看过，也没有兴趣，古董局中局起码第一集还能看，后面无法忍受，这部也是靠着美术硬生生坚持了两集。正片中插播广告的操作也是新高度，唉,6/27/2019,--
417,刑俊德,1,呵呵,7/1/2019,很差
418,胃卜鲜汁,5,目前的大环境下，以后估计看不到这种水平的古装剧了，且看且珍惜，质感甚至超过部分电影,6/29/2019,力荐
419,AKA涵仔,2,过誉了吧？？,6/30/2019,较差
420,、,1,四字粉有没有事啊？一年了时不时就看到有人去给我家剧打一星，平时也忍了，今天竟然敢微博卖惨号召小鸟打一星？？是生活太无趣吗？以为没人截图没人看吗？🤮 破剧四字就拍了不到两个月，也敢在豆瓣抢一番头衔，还吹自己花了八个月拍戏，不要碰瓷拍戏了好吗，明明一下接一堆剧，还吃着锅里的看着碗里，艳势番明明在拍不去拍戏反而来十二时辰，期间还去三次试镜电影？这种操作也有脸去微博营销演技？就一高压喷壶，脸都扭曲了，倒胃口,6/29/2019,很差
421,赫塔费发挥嘉宾,5,马亲王原著粉！真是太喜欢雷佳音了，是那种很不羁的感觉，本来以为会和原著对比有违和感，但是我觉得超级带感啊，看不够！,6/28/2019,力荐
422,纵一苇之所如,5,这质量不给五星天理难容,6/27/2019,力荐
423,Enjolras,5,告诉陈凯歌，盛唐不仅仅是一幅画而已。,6/30/2019,力荐
424,Jooms,5,易烊千玺以后可以做演技派！支持四字弟弟！,6/29/2019,力荐
425,江湖夜雨十年灯,2,神神叨叨不知所云,6/29/2019,较差
426,一个不污的人,5,吸引了基本看不了国剧的我,6/29/2019,力荐
427,风筝线,4,看了六集，先给四分。评论里一来就说节奏慢拖沓的真的认真看了吗？马亲王的书本身热度就很高呀，打一分的真的太可怕了。一来就说因为有流量给一分的对得起导演，剧组的心血吗？还有说雷佳音油腻的，我第一次知道雷佳音居然有那么多黑粉。大头的演技已经是中生代里自然且有自己风格的实力派演员了。有说四字被戏骨吊打的，这不是废话吗？他一个还没进入科班的，如果能和戏骨打平，那不是戏骨演技太差了，都和没上学的小年轻了还得了。戏骨比流量多出那么多年演戏经验，四字能用原因，演出李必运筹帷幄，朗月清风，现场收音已经不拖后腿了，可能他家黑粉太多，攻击丑的，格局太低了。说自己颜控的多去看偶像剧吧，这里不适合你。,6/29/2019,推荐
428,心好len痛,1,这那里好看了，douban被洗版？,6/29/2019,很差
429,无垠地平线,3,质感不错，服化道用心 。电视悬疑怎么做让人不觉摸不着边，又不能太容易猜到，节奏怎么把握，还有待改善,6/27/2019,还行
430,十一叔,1,"精致但不精彩，金玉其外败絮其中
曹盾对场面的调度和对节奏的把握为0
一口气看了四集不明所以，又是看剧评又是看剧情介绍甚至有点地方还倒回来看几遍，依然满脸问号
另外四字的台词和演技都不太行啊
怎么满屏的五星和尬吹
",6/30/2019,很差
431,已注销,2,节奏慢，曹盾导演的通病了。,6/28/2019,较差
432,等风,2,一般般,6/29/2019,较差
433,叶子,5,高考前的作品。谢谢你一次又一次证实我的选择没有错,6/28/2019,力荐
434,胡光秋色,2,男主角是面瘫演技派,6/28/2019,较差
435,大K,1,剧情需要小说能看的懂的，也就没什么意思了吧。主要还是主角演技颜值不行,6/28/2019,很差
436,桃子啊小桃子呐,3,三星给的都是制作，易烊千玺台词很尴尬，演技也有点尴尬，画面拍的很电影～,6/28/2019,还行
437,一颗红豆,1,制作用心了的，但某位台词也太差了……不看字幕完全不知道在说啥，台词本身还很文言文，让人看得好累。看到粉丝吹我很震惊。,6/29/2019,很差
438,吃瓜咸鱼,1,主角营销演技，台词不行，还丑，粉丝还追着骂。本来看了，觉得质感还可，想给个三星，但，呵呵,6/28/2019,很差
439,曾于里,4,上线颇为不易。当回自来水，推荐一看,6/29/2019,推荐
440,哇哈哈,2,印证了那句：没有对比就没有伤害，在这哥们儿的衬托下，雷大头的演技炸裂！！还有，有时候能用配音也是一种好的选择,6/30/2019,较差
441,可爱的一只喵,1,他就是败笔,6/29/2019,很差
442,侠过留 香,1,真不希望电视剧本末倒置，讲好故事才是基础，服装化只是画龙点睛，但绝对不是评判一部剧的重要指标。这年头只要是服装化良心就能算是好剧了吗？服装化满分，讲故事能力1分,7/1/2019,很差
443,文帙三,1,长安十二时辰看了两集，觉得没吹得那样好啊，但那个妆容我不喜欢，看起来好不舒服。剧情糊里糊涂的。,6/28/2019,很差
444,杨公子的黑,1,太能装了,6/29/2019,很差
445,流川枫你会发光,2,还是曹盾一直的味道，看不下去，不知道在演什么,6/28/2019,较差
446,KILLKILL,1,为什么每个人都好装逼啊，半文不白的台词不像是人会说出来的话，交代剧情全靠密集台词，剧情这样真的不吸引人，好浪费这么好的服化道惹,7/1/2019,很差
447,天地有清霜,1,无法理解为什么打着还原历史旗号的剧要直接把日本的扇子和灯笼拿来用 琵琶先存疑     国际化大都市并不意味着挂的是日本灯笼  或许顾问是日本人吗?  ,6/28/2019,很差
448,布,2,1、不紧张，做为开场，死线感完全没有，原著里暗桩崔六郎引狼兵入城身份暴露被杀…挺好的冲突事件，偏要用倒叙闪回表现…2、少年李泌装逼侧漏，但毫无神童表现，演员还是多去排排话剧吧，声音响亮点，咬字清楚些，多点抑扬顿挫，初中生背书也不至于这样吧…服化道还是可以的，一集弃，反正看过小说了…,7/1/2019,较差
449,SUMMER,5,很期待易烊千玺和雷佳音擦出的火花！长安十二时辰原著两大本，拍成电视剧肯定不会差会很丰富吧！,6/29/2019,力荐
450,Doctor Lu,1,场景很美，四个字古装还能再丑点吗，吹的我真的想吐，平时也就普通帅哥水准，太尬了，演技就是面无表情地背台词，因为长相问题，让人觉得不浮夸，完全就是呆若木鸡，,7/1/2019,很差
451,The start,1,毒舌电影，一如既往地收钱吹。,6/30/2019,很差
452,澳门老面包,1,含混不清的台词，四溅的口水，长得立体感十足，粉丝这样瞎吹会把他溺死在温室里。雷挺适合演西游记，一星给画面，导演适合拍风景纪录片,7/2/2019,很差
453,是假发不是桂,3,"打开优酷就是""易烊千玺演技炸裂""，然而我看完7集，四字从头到尾都是木着一张面瘫脸语气毫无起伏仿佛背课文，也就不出戏而已。
服化道尚可，故事讲得一塌糊涂，除了剧荒没有任何能让我看下去的理由。",6/30/2019,还行
454,每片树叶都不同,2,四字这种台词功底，结果热评和微博一通夸?,6/28/2019,较差
455,§徐迟兼穹§,2,原著中的分秒必争的紧张感没有出来，粉丝舔，但是那种尬尬的台词感觉真的很跳戏，我承认我快进了。暂时观望吧……,6/28/2019,较差
456,刘.....,1,节奏太慢,6/28/2019,很差
457,ValarMorghulis,1,努力看了一集，美四什么垃圾演技，辱长安了,6/28/2019,很差
458,花千树,2,尬,6/29/2019,较差
459,梨涡浅笑,5,易烊千玺的第一部主演剧很突然就上线了，李必的台词说的也还可以呀，演的也可以，是我心中的李必。剧里的服化道也很好。,6/27/2019,力荐
460,Kim,1,流量归流量，演技归演技. 空壳电视剧,7/1/2019,很差
461,退堂鼓表演家,1,四字真的是吹的太离谱了吧……从颜值演技吹的尴尬的要死………,7/1/2019,很差
462,所以,3,易烊千玺是败笔，太嫩了，看着出戏,6/28/2019,还行
463,唐僧洗头爱飘柔,1,就易烊千玺那张脸，反胃,6/30/2019,很差
464,托马诗,3,说四字弟弟演技好是认真的吗，吹成这样真的不尴尬吗吗？？营销省省吧，台词确实差。这届观众真的不行啊,6/28/2019,还行
465,吃瓜群众,1,吹了这么久，上线看了却让人失望😞流量台词吞音口吐不清，为什么不请配音？为了吹薛定谔演技吗？既然是主角就请一些合适好看的演员，画面精良，演员太丑，没有看下去的欲望。,6/28/2019,很差
466,black,1,这么大的制作，不说剧情拖沓和故意装学问，单单说那些尬吹服化道和摄影的评论，你们真的就看不出来服化道的问题吗？？所有的甲胄都那么新，没有一点质感，每个男人的妆容都那么嫩，真的可以吗？没有一个镜头在讲故事，毫无目的的摄影机运动，机位景别尴尬，虽然华丽但是毫无意义，还有这个台词表演，每个人都像不会说话一样，不看字幕，还真不知道在说什么。乱七八糟的背景音乐，就是为了制造悬疑感，唉！真的就是徒有其表呀！,6/28/2019,很差
467,假笑也是笑,1,四字粉丝要不要点脸，还没多少路人看，就你们粉丝自己打分，各大营销号搬运空瓶拉踩别人，就这台词水平，这面瘫演技，要颜值没颜值，要剧情没剧情，不是大头谁去看，还他妈的鼓吹多么惊艳，说实话，你们是在捧杀知道吗，步子要一步一步走，不好好走要扯蛋的。,6/29/2019,很差
468,粮尾小朋友,4,服化道摄影都很棒！展示出来的盛唐风貌很美。是部精致的片子。影片气氛很有紧张感。没看过原著所以觉得有点烧脑。四字弟弟演得还可以，不出戏，但台词还是弱了点。,6/29/2019,推荐
469,Ծ‸Ծ,2,小鲜肉演技太差了，台词都说不清楚，说话还乱喷口水。。。,6/28/2019,较差
470,毛茛目皮皮虎,4,所有插曲都值得循环。,6/30/2019,推荐
471,豆子是条鱼,3,昨晚上线后看完放出来的集数，一部所谓质感并不能掩盖节奏缺陷的剧，曹导每次执导都喜欢搞错一部剧的重点在哪里。本可以搞成美剧24小时风格，偏偏要………,6/28/2019,还行
472,节奏大师,1,大头不是很可……那谁谁谁谁台词真的一言难尽……脸就不说了，自由心证叭害,6/28/2019,很差
473,孤露与晚晴,5,吹爆第六集！！！,6/29/2019,力荐
474,南悠一,2,“复读机文化”语境里的复制产品。叙述和结构学习美剧，美学和台词仿造于过去唐题材的电影，如《妖猫传》《聂隐娘》。美术老师一定是中毒了，又绿又蓝的。,6/28/2019,较差
475,ymf246810,5,看到第十集了，真心推荐。长安都要被烧了，宰相想的是争权夺位。配角真的出彩。小乙，瞳儿，鱼肠，万人偶像许鹤子。雷佳音的张晓敬，权倾朝野的宰相，也得都很棒。因为是千玺弟弟的第一步戏，演技还不是很好，台词基本做到字正腔圆，和老演员搭戏有点被压。希望弟弟在中戏好好学习。,6/29/2019,力荐
476,风之国度,2,第一集就让人受不了，台词不过关啊，听着脑仁疼，一部好剧又毁小鲜肉手里了,6/29/2019,较差
477,预谋邂逅,1,美四真的，这张高级脸哟，安心做个杂志咖不好吗。,6/28/2019,很差
478,Larry Lang,1,妈的，分这么高，浪费我时间，通分膨胀呀,6/28/2019,很差
479,chow,3,明明这题材不难看 为啥就是剧情没张力,6/30/2019,还行
